Arabic term,Meaning,Literal translation
التقوى,"Vigilant awareness of Allah that produces reverence, obedience, and restraint from sin. It includes the sense of protecting oneself from divine displeasure, so neither ""fear"" nor ""piety"" alone is sufficient.",fear; piety
التوحيد,"Affirming Allah's absolute oneness and directing every act of worship to Him alone. It is more than belief in one deity; it also governs devotion, obedience, and one's understanding of divine lordship and attributes.",monotheism
الإيمان,"Faith involving inward conviction, verbal affirmation, and obedient commitment. In sermon language, it is a lived faith that can strengthen or weaken.",belief
الإسلام,"Willing submission to Allah through faith, worship, and obedience. The word describes both the religion of Islam and the act of surrendering to divine guidance.",Islam
الإحسان,"Spiritual and moral excellence, especially worshipping Allah with deep awareness and treating creation well. It is broader than ordinary kindness.",kindness
الشرك,"Assigning to another what belongs exclusively to Allah, especially worship or divine authority. It includes obvious and subtle forms, not only belief in several gods.",polytheism
الإخلاص,"Purifying worship and intention from all rivals and self-display. It is exclusive devotion to Allah, not frankness alone.",sincerity
النية,The heart's purposeful resolve that identifies and directs an act. It distinguishes acts and makes ordinary conduct devotional.,intention
الدين,"The divinely ordained way of faith, worship, ethics, and accountability. Depending on context, the same word can also mean judgment or recompense.",religion
الفطرة,The original God-given human disposition that is receptive to truth and worship. It is not every natural impulse or acquired social habit.,human nature
العبادة,"Loving and humble obedience to Allah through all inward and outward acts He approves. It includes belief, intention, ethics, and daily conduct as well as formal rituals.",worship
العبودية,"The human condition of devoted servitude and complete dependence on Allah. Although the literal root relates to servitude, the theological sense is honourable worshipful belonging, not human enslavement.",slavery
الخشوع,"Reverent humility and attentive stillness of the heart and body before Allah, especially in prayer. It combines inward presence, submission, and outward composure.",submission
التوكل,Reliance of the heart on Allah while using lawful and effective means. It rejects both passive fatalism and treating worldly causes as independently sufficient.,fatalism
الصبر,"Steadfast self-restraint in obeying Allah, avoiding sin, and enduring hardship. It is active perseverance rather than passive waiting.",patience
الشكر,"Recognizing a blessing as coming from its giver, praising the giver, and using the blessing rightly. Gratitude is expressed through the heart, speech, and action.",thanks
التوبة,"A sincere return from sin to obedience through regret, stopping the offence, and resolving not to repeat it. It is a change of direction, not an apology alone.",apology
الاستغفار,Seeking Allah's forgiveness and protection from the blame and consequences of sin. It can accompany repentance but is not limited to saying a formula.,asking pardon
الذكر,"Remembering or mentioning Allah, receiving a reminder, or the revealed reminder itself. Context can refer to devotional remembrance, the Qur'an, or moral recollection.",mention
الدعاء,"Calling upon Allah through request, praise, or worship. It usually means supplication and is distinct from the formal ritual prayer.",prayer
الرحمة,"Compassionate care that brings benefit and removes harm. When attributed to Allah, it refers to mercy bestowed in a manner fitting His majesty, not human weakness or indulgence.",pity
المغفرة,"Allah's covering and forgiving of sin while protecting the person from its harm. The concept includes pardon and safeguarding, not simply overlooking wrongdoing.",forgiveness
العفو,Pardon that removes blame and may erase the trace or consequence of an offence. It can convey more complete effacement than forgiveness alone.,pardon
الهداية,"Guidance that shows the right path and, when granted by Allah, can also enable a person to follow it. Context distinguishes explanation from inward direction and success.",guidance
الضلالة,Losing or departing from the path of right guidance. It can range from confusion to culpable rejection and is stronger than an ordinary mistake.,error
الفتنة,"A context-dependent term for a test, temptation, persecution, destabilizing trial, punishment, or civil strife. Its central image is a process that exposes or tests what is genuine.",temptation
البلاء,"A test permitted or decreed by Allah that reveals a person's response and may refine character. It can occur through hardship or prosperity, not only calamity.",calamity
اليقين,"Settled certainty free of destabilizing doubt. In spiritual discourse it has degrees and transforms conduct, not only intellectual confidence.",certainty
الغيب,"The unseen realm inaccessible to ordinary direct perception. It includes realities known through revelation, not simply what humans have not discovered yet.",the unknown
القدر,"Allah's measured decree and apportionment of creation and events. Unlike blind fate, it is connected with divine knowledge, will, measure, and creation.",fate
القضاء,"A decisive judgment, completion, or enactment. In theology it can refer to Allah's decree taking effect; in law it can mean judicial judgment, so context is essential.",destiny
المشيئة,"Divine will by which events occur or do not occur. It is an effective will, not an uncertain wish.",wish
الرضا,"Contented acceptance of Allah's decree without inward rebellion. It does not prevent grief, treatment, or lawful efforts to change a difficult situation.",satisfaction
الرجاء,Hope in Allah's mercy accompanied by pursuit of the actions that lead to it. Hope without repentance or effort can become mere wishful thinking.,optimism
الخوف,"Fear of Allah and accountability that restrains wrongdoing and encourages obedience. Its purpose is moral vigilance, not paralysis or panic.",terror
الخشية,Reverent fear arising from knowledge of Allah's greatness and one's responsibility before Him. It carries a stronger sense of awe and recognition than ordinary fear.,fear
الاستقامة,"Steadfast uprightness upon faith without deviating to extremes. It is comprehensive consistency in creed, worship, and conduct.",straightness
الثبات,"Firmness upon truth, especially under trial. It is steadfast constancy, not immobility.",stability
السكينة,"Serenity and stabilizing assurance bestowed by Allah, especially during fear or upheaval. It is an inward settling of the heart rather than ordinary quiet.",peace
الطمأنينة,"Deep settled tranquility arising from faith and remembrance. It is inward rest and confidence, not absence of difficulty.",calmness
البركة,"Enduring and fruitful good placed by Allah in a person, action, time, or possession. It is not luck and may appear as increase, benefit, or lasting value.",blessing
الرزق,"Whatever provision Allah apportions, including material resources, health, knowledge, opportunity, and spiritual benefit. It is broader than salary or income.",income
الحلال,"What is religiously lawful and released from prohibition. It is a legal-moral category, not merely food certification.",permitted
الحرام,"What Allah has decisively prohibited. It is a binding legal category, not a cultural dislike.",taboo
الشبهة,A resemblance or uncertainty that makes falsehood appear plausible or a ruling appear doubtful. It can refer to intellectual confusion or an ambiguous matter.,suspicion
الورع,Scrupulous restraint from doubtful or spiritually harmful matters. It is cautious moral self-protection beyond bare legality.,piety
السنة,"The Prophet's normative teaching, practice, and approved way; in other contexts, an established practice or recurring divine pattern. The intended sense must be determined from context.",tradition
البدعة,"A practice introduced into religion as worship without a valid basis. In this sermon context, it does not refer to every new tool, technology, or ordinary custom.",innovation
الفقه,"Deep understanding of religion and its practical implications. In technical usage, it especially refers to knowledge of Islamic legal rulings and their reasoning.",jurisprudence
الفتوى,"A qualified scholar's nonbinding legal answer to a religious question. It differs from a court judgment, which can be legally enforceable.",religious ruling
الشريعة,"The divinely revealed path encompassing faith, worship, ethics, and law. Reducing it to criminal penalties or court rules seriously narrows the concept.",islamic law
الاجتهاد,Disciplined reasoning by a qualified scholar to derive or apply a religious ruling. It is not unrestricted personal opinion.,independent legal reasoning
التقليد,"Following a qualified juristic authority without independently deriving the proof. It is technical reliance, not necessarily mindless copying.",imitation
الدليل,An indication or proof that guides to a conclusion. It may denote a recognized source or specific proof.,evidence
الحجة,"A decisive proof that establishes truth and responsibility. It denotes evidence that leaves no valid excuse, not rhetorical debate.",argument
البرهان,Clear demonstrative proof that decisively establishes a claim. It is stronger than a supporting reason; it implies manifest evidence.,proof
الوحي,"Divine communication conveyed to a prophet in the manner Allah chooses. It is authoritative revelation, not private intuition or creative inspiration.",inspiration
القرآن,"Allah's recited revelation given to Prophet Muhammad, whose wording and recitation are themselves sacred. It is a proper name, not simply ""a reading."".",the reading
الآية,"A sign that points beyond itself; depending on context, a verse of the Qur'an, a miracle, or a sign in creation.",verse
التفسير,"Disciplined explanation of revelation using language, context, transmitted reports, and principles. It is a scholarly method, not personal paraphrase.",commentary
التأويل,"A contextually justified interpretation, final outcome, or ultimate realization of a text or event. Classical usage is broader than free allegorical interpretation.",interpretation
التدبر,"Deep, consequence-aware reflection on revelation. The concept comes from considering what lies behind and follows a statement; it aims at guidance and action.",contemplation
الحكمة,"Right understanding joined to sound judgment and appropriate action. It can mean Prophetic teaching, revelation, or placing matters correctly.",wisdom
الموعظة,"A heart-directed admonition combining teaching, warning, encouragement, and compassionate counsel. Its aim is moral awakening, not information alone.",lecture
النصيحة,"Sincere concern for another's good expressed through truthful, wise counsel. It conveys loyal moral sincerity, not criticism for its own sake.",advice
الدعوة,"Inviting people to Allah with knowledge, wisdom, and suitable means. It is principled invitation, not coercion or publicity alone.",preaching
الإصلاح,"Restoring what has become corrupt to soundness and right relation. It can be personal, familial, social, or political and is bounded by justice.",reform
المعروف,"What revelation and sound custom recognize as right, fitting, and socially honourable. It is more than whatever is familiar.",the known
المنكر,What revelation and sound moral judgment recognize as wrong or unacceptable. It is not simply something unfamiliar.,evil
العدل,Giving each person or matter its due and judging without bias or excess. Justice does not always require identical treatment when relevant circumstances differ.,equality
القسط,"Manifest fairness that gives each party its due. It stresses enacted and measurable justice, especially in dealings and testimony.",balance
الظلم,"Violating a right or placing something outside its proper place, including wronging oneself through sin. It ranges from personal wrongdoing to systemic injustice.",oppression
الفسوق,"Defiant departure from obedience and moral bounds. It suggests knowingly breaking out of rightful obedience, not generic badness.",wickedness
النفاق,"Outwardly displaying faith while concealing unbelief, or behaving with traits associated with such duplicity. Sermons may use the word doctrinally or as a warning about hypocritical conduct.",hypocrisy
الكفر,"Rejecting, denying, or covering over divine truth. The word has theological and legal uses, and applying it to particular people requires context and care.",disbelief
الكبائر,"Major sins marked by severe warning, punishment, curse, or prescribed penalty. It is juristic-theological, not based on social perception.",big sins
الرياء,Performing worship or virtue to be seen and praised by people. Being visible is not itself showing off; the corrupting factor is the intention to gain admiration.,showing off
الكبر,Arrogance expressed by rejecting truth and looking down on people. It is distinct from healthy dignity or confidence.,pride
الحسد,Resenting another's blessing and wishing for its removal. It is specifically hostile toward another's good; lawful emulation differs.,jealousy
الغيبة,"Mentioning a person's real fault in their absence in a way they would dislike. If the claim is false, it becomes slander rather than backbiting.",backbiting
النميمة,"Carrying people's words between them to provoke conflict or damage relations. It is tale-bearing with corruptive effect, not all casual conversation.",gossip
الربا,A prohibited increase or exchange imbalance defined by Islamic commercial law. It includes many forms of interest but is a wider juristic category than the English word alone.,interest
الزكاة,"The obligatory, calculated share of qualifying wealth given to designated recipients. It is a legal right of recipients, not merely voluntary charity.",charity
الصدقة,"Giving for Allah's sake as an expression of sincere faith. It usually means voluntary charity, though some contexts also use it for obligatory zakat.",charity
الأمانة,"A trust or responsibility that must be faithfully protected and fulfilled. It includes entrusted property, duties, rights, and confidential information, not honesty alone.",honesty
العهد,"A binding pledge, entrusted obligation, or covenant. It can denote divine covenant, human commitment, or a duty whose breach is betrayal.",promise
الميثاق,"A solemn binding covenant, often witnessed before Allah. It is stronger than a contract; it carries sacred and moral accountability.",agreement
البر,"Comprehensive righteousness expressed through faith, worship, generosity, and good character. It is broader than a single charitable act.",goodness
صلة الرحم,"Maintaining kinship through contact, care, support, and reconciliation. The form varies with need and custom; it is broader than visits.",maintaining family ties
بر الوالدين,"Comprehensive goodness, reverence, service, and gentle speech toward parents. It remains required within lawful limits even when parent and child disagree.",obeying parents
الأمة,"A community united by a shared faith, purpose, or messenger; in sermons, usually the worldwide Muslim community. It is not identical to a nation-state or ethnicity.",nation
الجماعة,"The united Muslim community or a body gathered around legitimate guidance. The word can also simply mean a group, so theological claims depend on context.",group
الأخوة,"A bond of mutual loyalty, dignity, and responsibility grounded in faith or humanity. Ukhuwwah entails rights and duties, not emotional closeness alone.",brotherhood
الشورى,The Islamic principle of consulting relevant people before making a responsible decision. It is not identical to a single modern political system or to majority voting in every matter.,democracy
الموت,"The appointed end of earthly life and transition to the next stage of existence. In Islamic preaching, death is not annihilation but movement toward accountability.",death
الآخرة,"The final and everlasting realm after worldly life, including resurrection, judgment, and recompense. It is the setting in which earthly choices reach their ultimate outcome.",the end; afterlife
القيامة,"The resurrection and great standing of creation before Allah for judgment. The word emphasizes rising and standing, not only the destruction of the world.",doomsday
الحساب,"Allah's reckoning of beliefs, intentions, words, and deeds. It is moral accounting, not arithmetic alone.",calculation
الميزان,"The divinely just weighing of deeds, records, or people on the Day of Judgment. It expresses exact accountability and is treated in sermons as an eschatological reality.",balance
الصراط,"The straight path of guidance, and in eschatological contexts the crossing over Hell toward Paradise. The intended meaning depends on the passage.",road
الشفاعة,Intercession granted only by Allah's permission and approval. It is not an automatic spiritual privilege or a means of overriding divine judgment.,mediation
الجنة,"The divinely prepared everlasting abode of nearness, safety, and reward. It is Paradise; the root image of a concealed garden does not exhaust the concept.",garden
النار,"The divinely created abode or punishment of the condemned. It means Hell, not every physical flame.",fire
الفلاح,"Comprehensive success: attaining lasting good and escaping ultimate harm. It is salvation-flourishing, not worldly achievement alone.",success
الخسران,"Ultimate and irrecoverable loss of oneself, one's deeds, or salvation. It is much broader than financial loss.",loss
التوفيق,"Allah's enabling a person to choose, pursue, and accomplish what is right. It joins sound intention, ability, and successful action.",success
الرشاد,"Soundly directed judgment and conduct leading to a good end. It combines intellectual rightness, maturity, and practical direction.",guidance
الزهد,Detachment of the heart from excessive attachment to worldly things in favour of the Hereafter. It does not require poverty or abandoning lawful possessions.,asceticism
القناعة,"Contentment with what suffices, without greedy fixation on more. It is freedom from acquisitive restlessness, not lack of ambition.",satisfaction
الإيثار,"Preferring another's legitimate need over one's own despite personal need. It is self-giving rooted in faith, not indiscriminate self-neglect.",altruism
حسن الخلق,"Beautiful moral character in one's habitual dealings. It includes patience, justice, mercy, and restraint, not etiquette alone.",good manners
التواضع,Humility that gives others their due without arrogance or self-abasement. It preserves dignity while rejecting claims of superiority.,self-abasement
الحياء,Moral modesty and sensitivity that restrain shameful conduct. It is not social fear or an inability to speak confidently.,shyness
الرَّبّ,"The Lord who creates, owns, sustains, governs, and nurtures creation. The word conveys comprehensive divine care and authority, not merely the social title ""master."".",lord
الإله,"The being who is worshipped; in Islamic creed, Allah alone is rightfully worshipped. The concept concerns entitlement to worship, not power alone.",god
الألوهية,Exclusive divine right to worship. It is a creed term denoting that all worship belongs to Allah alone.,divinity
الربوبية,"Allah's unique lordship over creation. It includes creating, owning, sustaining, decreeing, and governing all things.",lordship
الرحمن,"A divine name expressing vast, all-encompassing mercy. Its intensive form conveys the abundance and breadth of Allah's mercy.",the compassionate
الرحيم,A divine name expressing continuing and specially bestowed mercy. It conveys enduring mercy rather than an ordinary kindly disposition.,the merciful
الغفور,The Oft-Forgiving who repeatedly covers and pardons sin. It stresses abundance and recurrence of forgiveness.,forgiving
الغفار,The Constantly and Abundantly Forgiving. It is stronger than a one-time act of pardon; it conveys repeated forgiveness.,forgiver
العفوّ,"The divine name of the One who pardons and effaces sin. It can imply removal of blame and its trace, beyond withholding punishment.",the pardoning
التواب,"The One who repeatedly turns to servants in mercy and accepts repentance. It means enabling and accepting repentance, not repenting Himself.",the relenting
الرؤوف,The divine name expressing especially tender and gentle mercy that relieves suffering.,kind
الودود,"The Loving and Beloved, whose love is active and beneficent. It is not sentiment alone but favour, nearness, and benevolence.",friendly
اللطيف,The Subtly Kind and perfectly aware of hidden details. It combines subtle knowledge with unobtrusive kindness and providence.,gentle
الخبير,The One fully acquainted with inner realities and outcomes. It is not merely possessing information; it implies penetrating knowledge of what is hidden.,informed
العليم,"The All-Knowing without limit or acquisition. It denotes complete, timeless, and unfailing knowledge.",knowledgeable
الحكيم,"The Perfectly Wise who places everything appropriately. It includes perfect judgment, purpose, and right placement, not cleverness alone.",wise
الحليم,"The Forbearing who does not hasten punishment despite power. It is deliberate restraint, not inability or passivity.",patient
الكريم,"The divine name expressing supreme generosity, nobility, honour, and graciousness.",generous
الأكرم,The Most Generous and Most Noble. It carries both munificence and incomparable nobility.,most generous
الوهاب,"The Unceasing Bestower of gifts without compensation. It stresses free, repeated, undeserved bestowal.",giver
الرزاق,"The Constant Provider who creates and delivers all provision. It includes material, spiritual, lawful, and inward sustenance.",provider
الفتاح,"The divine name meaning the Opener who grants relief, opens paths of mercy or victory, and judges decisively between parties. The intended emphasis depends on context.",opener
النصير,"The perfectly effective Helper who protects, supports, and grants victory.",supporter
الولي,"The Protecting Patron and Ally who is near to His servants. The word can combine protection, authority, loyalty, and closeness, so ""friend"" is too weak.",friend
المولى,"The Patron, Master, Protector, or Ally. It is a relational term whose exact English rendering depends on who is speaking and the surrounding context.",master
الوكيل,"The fully sufficient Trustee upon whom all affairs may be entrusted. In contexts of reliance on Allah, it means the One who manages matters perfectly.",agent
الحفيظ,"The Perfect Preserver and Watchful Guardian. It includes guarding, preserving, recording, and preventing loss.",keeper
الرقيب,"The Ever-Watchful Observer from whom nothing is absent. It conveys continuous, morally consequential oversight, not surveillance alone.",watcher
الحسيب,The One who is fully sufficient for His servants and who reckons all deeds exactly. Both meanings are used in religious language.,accountant
الشهيد,"The ever-present Witness whose knowledge misses nothing. As a divine name, it does not mean a person killed as a martyr.",martyr
المقيت,"The Sustainer who apportions nourishment and preserves creation, with complete power over it. The word has a wider sense than ""feeder."".",feeder
القادر,"The One whose power and ability are complete and unrestricted. Divine power is fully effective, not merely potential.",capable
القدير,The All-Powerful who determines and effects all things. It is an intensive divine attribute of comprehensive power.,powerful
المقتدر,The Supremely Powerful whose power is manifest and irresistible. It emphasizes exercised and overwhelming power.,almighty
القوي,"The Perfectly Strong, untouched by weakness. It is absolute and not bodily.",strong
المتين,"The Firm and Unfailing in strength. It conveys unbreakable, inexhaustible power rather than physical hardness.",solid
الجبار,"The Irresistible One whose authority cannot be overcome and who restores what is broken. As a divine name, it does not mean an unjust tyrant.",tyrant
المتكبر,"The Supremely Great, exalted above every defect and rival. Arrogant pride is blameworthy in creatures, whereas this divine name expresses rightful greatness and transcendence.",arrogant
الكبير,"The Incomparably Great in essence, rank, and authority. It does not refer to physical size; it denotes absolute greatness.",big
العظيم,"The Tremendously Magnificent and worthy of awe. It carries a stronger sacred sense than the ordinary word ""great."".",great
العلي,"The Most High in rank, authority, and transcendence. It does not refer only to spatial height; it denotes exaltedness above all imperfection.",high
المتعال,The Supremely Exalted above all limitation and false attribution. An intensive expression of transcendence.,elevated
القدوس,"The Absolutely Pure and Holy, exalted above every defect and creaturely limitation. ""Holy"" is only an approximate English equivalent.",holy
السلام,"The One free from every defect and the source of safety and peace. As a divine name, it means more than tranquillity.",peace
المؤمن,"The Giver of security and the One who confirms truth. As a divine name, it does not mean ""a believer."".",believer
المهيمن,"The Supreme Overseer, Guardian, and Witness whose authority and knowledge encompass all things.",controller
الواحد,The One without partner in divinity. It is not merely numerical oneness; it denies any partner or division in worship and lordship.,one
الأحد,"The Uniquely One, indivisible and without equal. In creed, it expresses absolute uniqueness rather than numerical oneness alone.",one
الصمد,The Self-Sufficient Master upon whom all creation depends. No single English word fully captures both perfect independence and universal dependence upon Him.,eternal
العقيدة,"A firmly held conviction concerning matters of faith. The word comes from the idea of binding or tying, suggesting a settled belief rather than a casual opinion.",creed
الملة,"A divinely grounded religious way or confessional tradition. It denotes the inherited or followed way of faith, especially the creed of Abraham.",religion
الذمة,"A binding responsibility, legal liability, or protected covenantal status. The exact sense can be obligation, protection, or guarantee depending on context.",conscience
الولاء,"Faithful allegiance, protective loyalty, and committed solidarity. Its theological and communal sense is stronger and more relational than preference.",loyalty
البراء,Disavowal of false worship and principled separation from wrongdoing. It does not simply mean personal innocence.,innocence
الردة,"Deliberate renunciation of Islam after professing it. A technical legal-theological term, not every doubt or sinful act.",apostasy
الزندقة,Concealed heterodoxy or unbelief presented outwardly as Islam. Historically the label has been used in different ways and should not be treated as a precise name for every doctrinal error.,heresy
الإلحاد,"Deviation from truth, especially denial of God or distortion of His signs. Qur'anic and classical usage is broader than modern atheism.",atheism
الفرقة,"Division into a distinct faction, often through doctrinal or communal rupture. It can mean mere group, separation, or blameworthy factionalism according to context.",sect
الغيّ,"Perverse misdirection chosen in opposition to sound guidance. It implies morally blameworthy deviation, not innocent confusion.",error
الطاغوت,"Anything worshipped, obeyed, or followed in rebellion against Allah's authority and limits. It can refer to a false deity, satanic authority, tyrannical power, or a claimant to divine rights.",idol
الجبْت,"A broad Qur'anic term for false objects of worship, superstition, sorcery, or other forms of religious falsehood. Its exact referent depends on context.",idol
الأنداد,"Rivals set up as equals or counterparts to Allah. It stresses treating created things as peers in love, obedience, or worship.",partners
الشفعاء,"Intercessors whose mediation is sought or granted. Intercession in Islamic theology is dependent on Allah's permission, not independent influence.",advocates
الإرادة,"Will or intention. In theology, divine will may refer either to what Allah commands and loves or to what He allows to occur in creation.",desire
الخلق,"Bringing into existence according to measure; also the created order. It can denote the act of creating, created beings, or innate constitution.",creation
الكسب,Human acquisition of deeds and their moral responsibility. It describes accountable human action under divine creation and decree.,earning
الاستطاعة,"The capacity and means by which a person is able and accountable. It is a technical term in debates about responsibility, power, and action.",ability
التكليف,"Being charged by divine law with accountable duties. It signifies morally binding religious responsibility, not merely a task.",assignment
علم اليقين,"Certainty reached through reliable knowledge, evidence, or report. It is the first of three Qur'anic expressions describing degrees or modes of certainty.",certain knowledge
عين اليقين,"Certainty comparable to direct seeing. It describes immediate experiential confirmation, not a literal ""eye"" belonging to certainty.",eye of certainty
حق اليقين,Certainty fully realized through direct encounter with reality. It is the most complete expression in the Qur'anic sequence of certainty.,truth of certainty
الشهادة,"Testimony or witnessing; it can also mean the visible, perceptible realm. Context may refer to legal evidence, the confession of faith, martyrdom, or the world of direct perception.",martyrdom
التنزيه,"Declaring Allah free of every defect and creaturely limitation. It is a theological act of transcendence, not praise in general.",glorification
التشبيه,"Likening divine attributes to created qualities. It denotes anthropomorphic assimilation, not every analogy.",comparison
التعطيل,"Denying, emptying, or suspending the meanings of divine attributes. A technical theological term, not ordinary interruption.",disablement
التنزيل,The sending down of revelation in stages and with divine authority. It highlights descent from Allah and often gradual delivery.,revelation
الكتاب,"The divinely prescribed Scripture or authoritative written decree. It may mean the Quran, a prior scripture, a record, or a decree.",book
الفرقان,The divine criterion that separates truth from falsehood. It can name the Qur'an or any decisive divine distinction.,discrimination
الهدى,"Guidance that directs toward truth and a sound end. It refers to revelation or divine enabling, not information alone.",directions
النور,"Divine illumination that makes truth spiritually perceptible. It usually metaphorical and revelatory, not physical light.",light
البصائر,"Clear proofs or insights that illuminate spiritual and moral truth. The plural refers to inward perception and evidence, not physical eyesight.",eyesights
البيان,Clear exposition that makes meaning distinct. In Qur'anic rhetoric it implies clarification and eloquent disclosure.,statement
التبيان,Comprehensive clarification and exposition. It is an intensive form suggesting fullness of clarification.,explanation
السورة,"A distinct Qur'anic chapter of elevated, enclosed composition. It is a sacred textual unit, not merely a book chapter.",chapter
المحكم,"A text whose meaning or ruling is firmly established and relatively clear. In Qur'anic studies, definitions vary according to the way it is contrasted with mutashabih.",precise
المتشابه,"A text whose exact meaning, application, or ultimate referent is not immediately decisive. It may require interpretation or humble suspension of judgment and is not necessarily contradictory.",ambiguous
الناسخ,"A later ruling or text that replaces the operative legal ruling of an earlier one. The concept concerns legal effect, not denial of the earlier revelation.",abrogating
المنسوخ,A ruling whose operative legal force has been replaced by a later ruling. The earlier verse or report remains part of revelation or transmission even when its ruling no longer applies.,cancelled
التلاوة,"Ordered recitation, especially of revelation, with an older root sense of following. It implies more than vocal reading and can suggest following what is recited.",reading
الترتيل,"Measured, clear, and deliberate recitation of the Qur'an. It emphasizes correct articulation, pacing, and reflection rather than musical performance.",chanting
التجويد,"Reciting the Qur'an while giving each letter and recitation rule its proper pronunciation. It concerns disciplined phonetic accuracy, not ornamentation alone.",embellishment
القراءة,"The act of reading or reciting; in Qur'anic studies, a formally transmitted canonical mode of recitation.",reading
الأحرف,"In the expression ""seven ahruf,"" a technical term for divinely permitted modes of early Qur'anic recitation. Scholars differ about their precise nature, but the word does not mean seven alphabet letters or the seven canonical readings.",letters
الرسم,"The inherited consonantal spelling and written form of the Qur'anic codex. It is a technical term for orthography, not drawing.",drawing
المصحف,"A physical written codex containing the Qur'anic text. It is the written copy, whereas the Qur'an is the revealed recitation and message.",quran
الإسناد,"The chain through which a report or recitation is attributed to its source. It is a formal transmission chain, not ""support"" in the general sense.",support
الرواية,"A transmitted report, narration, or version received through a chain. In Qur'anic recitation, it can mean a formally transmitted recension associated with a reader.",story
الدراية,"Critical understanding of meaning, method, and content. It is often contrasted with mere transmission because it requires analytical comprehension.",knowledge
العلم,"Knowledge based on sound evidence and understanding. In religious sermons, it often refers to sacred or beneficial knowledge rather than modern science specifically.",science
التذكرة,A reminder that restores awareness of a truth already known or naturally recognizable. It carries the sense of moral recollection and warning.,memo
الذكرى,"Beneficial recollection or a reminder that awakens the heart. It usually refers to the effect of being reminded, not autobiographical memory.",memory
العبرة,A moral lesson drawn by moving from an event or sign to its deeper meaning. It is more than an example.,example
الاعتبار,"Reflective inference that draws a lesson from signs, history, or outcomes. It is not mere attention; it involves moral and analogical reasoning.",consideration
البصيرة,"Inner clarity that perceives truth and guides action. It is spiritually and intellectually informed perception, not intuition alone.",insight
الفراسة,"Discernment that reads outward signs with trained inward perception. In ethical discourse, it is perceptiveness rather than fortune-telling or certainty about the unseen.",guesswork
الفهم,"Accurate apprehension of intended meaning. In sacred learning it includes context, implication, and proper application.",understanding
الحفظ,"Preservation in memory and faithful safeguarding. It can mean memorizing, protecting the text, or retaining knowledge through practice.",memorization
التثبت,"Careful verification before accepting or acting on information. It means checking truth and avoiding haste, especially regarding reports.",steadiness
التبين,"Seeking and attaining clarity through verification. In a command, it means to investigate carefully rather than merely notice.",becoming clear
التحري,Conscientious seeking of what is most correct and truthful. It includes moral scrupulousness and careful choice.,investigation
الإفتاء,Issuing a reasoned religious legal answer to a particular question. It is nonjudicial guidance based on recognized legal method.,giving an opinion
المفتي,"A qualified scholar authorized to issue legal responses. It requires juristic competence, not merely religious status.",cleric
الاتباع,"Following guidance with awareness of its basis and direction. It is often praised as adherence to revelation, in contrast with blind imitation.",following
الأثر,"A transmitted report or remaining trace, often from early authorities. In hadith discourse it may refer to a report from a Companion or predecessor.",effect
النقل,Authoritative transmission of text or report. It contrasts with pure reasoning and refers to transmitted evidence.,transport
العقل,The faculty of understanding and moral restraint. Classical usage connects sound reasoning with the ability to restrain oneself from error.,mind
النظر,Disciplined examination leading toward knowledge. In theology and legal theory it means reasoned consideration.,looking
الاستدلال,"Reasoning from evidence to a warranted conclusion. A technical scholarly process, not rhetorical persuasion.",inference
الشهوة,"A strong appetite or desire that may draw a person beyond lawful limits. It includes desire for food, status, wealth, and sex, not sexual desire alone.",lust
المصدِّق,"A person who sincerely affirms and confirms the truth. In faith contexts, the word suggests inward acceptance that leads to truthful response.",confirmer
المسلم,One who submits to Allah and enters the community of Islam. It is active surrender and obedience.,Muslim
المحسن,"One who acts with excellence and worships with heightened awareness of Allah. It denotes sustained spiritual-moral excellence, not isolated kindness.",do-gooder
المتقّي,"A person who protects themselves from Allah's displeasure through vigilant obedience and avoidance of sin. ""Pious"" is only a partial equivalent.",pious person
المخلص,"One who purifies intention and devotion exclusively for Allah. It carries exclusivity of worship, not honesty alone.",sincere
الصديق,"A person of exceptional truthfulness whose faith fully confirms divine truth. In sacred usage, it denotes a high spiritual rank, not an ordinary friend.",friend
الرباني,"A God-oriented scholar and educator who combines knowledge, wisdom, and gradual spiritual formation of others.",divine person
الصالح,"One whose faith, character, and conduct are sound and reforming. It includes being rightly ordered and beneficial, not merely pleasant.",good person
الفاسق,One who defiantly departs from obedience or moral bounds. It can be legal or moral; it should not be casually over-applied.,wicked person
الظالم,"A person who violates rights or places worship, conduct, or judgment outside its proper place. The word includes wronging oneself and associating partners with Allah, not only political oppression.",oppressor
المنافق,A person who outwardly professes faith while concealing unbelief; sermon language may also warn about hypocritical traits. The doctrinal label should not be casually applied to particular individuals.,hypocrite
الكافر,A person described in theology as rejecting or concealing divine truth. The legal and doctrinal label is context-sensitive and should not be used as a loose insult or automatic synonym for every non-Muslim.,unbeliever
المشرك,"A person who assigns a partner or rival to Allah in worship or divine rights. This includes devotional association, not only belief in many gods.",polytheist
المرتد,A person who deliberately renounces Islam after professing it. It is a technical legal status with conditions and is not established by mere doubt or sin.,apostate
الملحد,"A person who denies God or deviates from divine truth. Classical usage can be broader than the modern word ""atheist."".",atheist
الضال,"One who has lost or departed from right guidance. It may describe culpable deviation, confusion, or lack of guidance according to context.",lost
الغافل,"A person heedless of Allah, accountability, or moral signs. The word describes spiritual unawareness, not ordinary absent-mindedness.",careless
القاسي,"One whose heart is hardened against truth and compassion. It is inward resistance and insensitivity, not a firm personality.",harsh
الموقن,"One possessing settled certainty that shapes action. It implies embodied conviction, not merely confidence.",certain
المخبت,"A person humbly settled, tranquil, and receptive before Allah. It combines lowliness, trust, and willing obedience.",humble
الخاشع,A person inwardly humbled and outwardly composed before Allah. This describes reverent presence of heart expressed through bodily stillness.,submissive
القانت,"One persistently obedient and devoutly standing before Allah. It may include prolonged worship, humble obedience, or supplication.",obedient
الأواب,"One who repeatedly returns to Allah in repentance and devotion. It suggests frequent, heartfelt returning, not a single apology.",repentant
المنيب,One who turns back to Allah with reliance and obedient devotion. It is a sustained orientation toward Allah.,penitent
التائب,"One who abandons sin, regrets it, and returns to obedience. It requires moral return, not verbal regret alone.",repenter
الذاكر,"One who actively remembers and mentions Allah. It includes heart, tongue, awareness, and obedience.",rememberer
الشاكر,"One who recognizes blessings, praises the Giver, and uses blessings rightly. It is enacted gratitude, not emotion alone.",thankful
الصابر,"One who steadfastly restrains the soul upon obedience and through hardship. It means disciplined perseverance, not passive waiting.",patient
المتوكل,One who relies upon Allah while taking legitimate means. It combines heart-reliance with responsible action.,fatalistic
الراجي,"One who hopes in Allah while pursuing the causes of mercy. It is morally active hope, not wishful thinking.",hopeful
الخائف,"One who fears Allah in a way that restrains wrongdoing and motivates obedience. It is reverent moral fear, not panic.",afraid
الوجل,A trembling inward awe awakened by awareness of Allah. It is a sensitive and reverent response rather than panic.,fear
الرهبة,Awe-filled fear that turns a person away from wrongdoing. It is often paired with hopeful longing to express balanced worship.,dread
الرغبة,"Earnest longing directed toward Allah and His reward. In devotional contexts it is hopeful aspiration, not appetite.",desire
الإنابة,Continual turning of the heart and conduct back to Allah. It is broader than repentance from a specific sin and describes an enduring devotional orientation.,repentance
الإخبات,"Humble, tranquil submission and inward settling before Allah. The word evokes low, stable ground as an image of a settled heart.",humility
الصدق,"Truthfulness and inner-outer congruence in word, intention, and covenant. It is a moral quality of being true, not factual accuracy alone.",truth
المراقبة,"Living with sustained awareness that Allah observes and knows all things. It is a spiritual practice of accountability, not surveillance of other people.",monitoring
المحاسبة,"Examining and holding oneself accountable before final judgment. It means moral self-audit, not bookkeeping.",accounting
المجاهدة,"Disciplined striving against the ego, habits, and obstacles to obedience. In this context it commonly means inner moral struggle, not armed conflict.",struggle
الافتقار,"Conscious recognition of one's complete need of Allah. It is spiritual and existential dependence, not merely financial poverty.",poverty
القرب,"Spiritual nearness to Allah through His favour, worship, and obedience. It does not imply physical distance or bodily location.",nearness
المحبة,"Devotional love that entails preference, obedience, and longing. It is covenantal and transformative, not sentiment alone.",affection
الشوق,Spiritual yearning to meet Allah and attain His pleasure. It is an elevated devotional desire.,longing
الأنس,"Intimate spiritual ease and comfort found in remembering and worshipping Allah. It is inward familiarity with devotion, not sociability.",sociability
النسك,"A prescribed act of devotion, especially sacrificial or pilgrimage worship. It can denote worship generally or a specific sacrificial rite.",ritual
الشعيرة,A divinely appointed symbol or rite that publicly marks devotion. It is a sacred sign whose honour reflects reverence for Allah.,slogan
الشعائر,"The divinely established rites and symbols of worship. It carries sacred legal significance, not cultural pageantry.",ceremonies
الصلاة,"The prescribed ritual prayer combining recitation, standing, bowing, and prostration. It is distinct from supplication.",prayer
القيام,"Standing in worship, especially prolonged night prayer. It means devotional standing before Allah.",standing
الركوع,Ritual bowing that embodies humble submission. It is a prescribed prayer posture with devotional meaning.,bowing
السجود,"Placing the forehead in prostration as the highest bodily act of worship. It denotes worshipful abasement to Allah, not ordinary bowing.",prostration
القنوت,"Prolonged devout obedience, standing, or supplication. Its exact meaning varies between Qur'anic passages and legal discussions.",silence
الوتر,"The odd-numbered night prayer concluding voluntary worship. A technical devotional term, not arithmetic alone.",odd
التهجد,Voluntary night prayer performed after sleeping. It is often distinguished from voluntary prayer offered earlier in the night.,night prayer
التراويح,"Ramadan night prayers performed with intervals of rest. The name reflects pauses between units, not relaxation as the purpose.",rest prayers
السنن,"Recommended Prophetic practices or established normative ways. In other contexts, the plural can also refer to recurring patterns or laws established by Allah.",traditions
النافلة,A voluntary act of worship beyond what is obligatory. It is spiritually meritorious and can repair deficiencies in obligatory worship.,extra
التطوع,"Freely undertaken obedience beyond binding duty. It means optional devotion, not civic service.",volunteering
الفريضة,A specifically apportioned and binding religious obligation. It is legally mandatory and divinely assigned.,duty
الواجب,"A legally binding act whose omission is sinful. Some legal schools distinguish technically between this category and the closely related category of fard, while others use them nearly synonymously.",necessary
الركن,"An integral element without which an act of worship is invalid. It is an internal essential component, not merely something important.",pillar
الشرط,A prerequisite required before an act or ruling can be valid. A legal condition lies outside the act itself but determines validity.,condition
الواجبات,Binding components or duties whose omission has legal consequence. The exact consequence differs across legal schools and acts.,requirements
المبطلات,"Acts that invalidate worship or a legal transaction. These are technically defined nullifiers, not anything disliked.",cancellations
المكروه,"An act religiously discouraged but not normally forbidden. The English word ""hated"" is too emotional for this technical legal category.",hated
المباح,"An act that is legally permitted in itself, without inherent reward or sin. Intention and consequences can change its moral value.",neutral
المشتبه,"A matter whose lawful or unlawful status is not sufficiently clear. It calls for verification and caution, not suspicion toward people.",suspicious
الطهارة,Ritual and physical purification required or encouraged for worship. It includes legal states not visible as dirt.,cleanliness
النجاسة,"Ritual impurity defined by Islamic law. It is a juridical category, not general uncleanliness.",dirt
الحدث,"A state of minor or major ritual impurity that prevents certain acts of worship until purification. In Islamic law, it does not mean an ordinary event.",event
الوضوء,The prescribed washing and wiping before prayer. It is a specific ritual act with intention and ordered components.,ablution
الغسل,"The full ritual bath required in defined circumstances. It is a legal purification, not an ordinary shower.",washing
التيمم,"Ritual purification with clean earth or dust when water is unavailable or cannot safely be used. It is a legally defined substitute, not ordinary ""dry washing."".",dry washing
الاستنجاء,"Cleansing oneself after relieving oneself. It is a technical practice of ritual cleanliness, not general bathing.",washing
الاستجمار,"Cleansing after relieving oneself with suitable dry material. Stones were historically common, but equivalent clean materials may fulfil the function.",using stones
المسح,Ritual wiping over a body part or permitted covering. It has precise conditions and is not interchangeable with washing.,wiping
القبلة,"The direction of the Kaaba faced during prayer. Without vowel marks, the word can be confused with a homograph meaning ""kiss."".",kiss
حضور القلب,Attentive awareness of Allah and the act of worship within the heart. It describes inward presence rather than concentration alone.,concentration
التكبير,"Declaring ""Allah is greater"" as an act of glorification, especially by saying ""Allahu akbar."".",magnification
التحميد,"Praising Allah, especially by saying ""al-hamdu lillah."" The term often names this established formula of praise.",praising
التسبيح,Declaring Allah free from every defect and limitation. It is more specific than general praise.,glorification
التهليل,"Saying ""there is no deity worthy of worship except Allah."" The term names this declaration of divine oneness, not chanting in general.",chanting
الحوقلة,"Saying ""there is no power or ability except through Allah."" The formula acknowledges that all effective strength and change depend on Him.",a slogan
الحسبلة,"Saying ""Allah is sufficient for us, and He is the best disposer of affairs,"" or a related formula of reliance. The word is a devotional abbreviation, not calculation.",calculation
الاستعاذة,"Seeking Allah's protection from evil. It is a worshipful appeal, commonly before recitation.",refuge
البسملة,"Saying ""In the name of Allah, the Most Merciful, the Ever-Merciful."" The word is the technical name for beginning with this formula.",naming
الحمدلة,"Saying ""All praise belongs to Allah."" The word is a coined name for this formula, not praise in general.",praise
الصلاة على النبي,"Asking Allah to bless, honour, and exalt Prophet Muhammad. The supplication is directed to Allah, not to the Prophet.",blessings upon the Prophet
الأذان,The formal public call announcing the time of prescribed prayer. It is a regulated act of worship with fixed wording.,announcement
الإقامة,The shorter call immediately preceding congregational prayer. The same Arabic form has unrelated everyday meanings.,residence
الإمامة,"Leadership of congregational prayer; more broadly, leadership, authority, or exemplary guidance. The intended meaning can differ significantly across legal, political, and theological contexts.",imamate
الاقتداء,Following the prayer leader's actions in proper sequence. In congregational prayer it is a technical relationship to the imam.,imitation
الائتمام,Joining and following an imam in congregational prayer. It is a technical prayer term governing how the follower coordinates with the imam.,being led
الصف,The aligned row of worshippers in congregational prayer. It carries ritual requirements of straightness and cohesion.,line
الجمعة,"The weekly Friday congregational prayer and, by extension, its day. In religious context, it often refers to the institution of Friday worship rather than the weekday alone.",friday
الخطبة,The formal sermon delivered as part of Friday or Eid worship. It has ritual and legal features beyond ordinary public speaking.,speech
المنبر,The pulpit from which the sermon is delivered. It carries Prophetic and communal symbolism in Islamic discourse.,platform
الاعتكاف,"Devotional seclusion in a mosque with intention of worship. It is a regulated religious practice, not a wellness retreat.",retreat
الصيام,"Worshipful abstention from defined things from dawn to sunset with intention. It includes spiritual restraint and legal conditions, not merely not eating.",fasting
الإفطار,Ending a fast at its lawful time; also not fasting when permitted. The common English sense can obscure the religious act.,breakfast
السحور,"The pre-dawn meal eaten before a day of fasting. It is a recommended Prophetic practice, not simply a late-night meal.",late meal
الحج,"The major pilgrimage to Mecca performed through prescribed rites at a set time. It is a specific obligation, not any sacred journey.",pilgrimage
العمرة,"The lesser pilgrimage consisting of entering consecration, circumambulating the Kaaba, and walking between Safa and Marwah. It is a defined act of worship, not simply visiting Mecca.",minor pilgrimage
الإحرام,Entering the consecrated state for Hajj or Umrah through intention and prescribed restrictions. The familiar garments mark this state but are not the state itself.,ritual consecration
الطواف,"Ritual circumambulation of the Kaaba in prescribed form. It is worship directed to Allah, not worship of the building.",circling
السعي,"The ritual walking between Safa and Marwah during Hajj or Umrah. Outside pilgrimage, the same word commonly means effort or striving.",effort
الوقوف,"Being present at Arafah during the prescribed pilgrimage time, an essential rite of Hajj. Continuous physical standing is not required.",standing
الرمي,Casting pebbles at the designated pillars during Hajj. The targets symbolize rejection of temptation; they are not literally Satan.,stoning the devil
الهدي,"An animal offering designated for Hajj or Umrah. Without vowel marks, the word can be confused with another word meaning guidance.",guidance
الأضحية,"The sacrificial animal offered during Eid al-Adha according to prescribed rules. It is a devotional offering, not a ""victim."".",victim
العقيقة,"The animal sacrifice offered in gratitude for a newborn, commonly accompanied by naming and other practices. The term is not simply hair cutting.",hair cutting
النصوح,"Completely sincere and reforming, especially in the expression ""sincere repentance."" It describes repentance free of deception and accompanied by genuine correction.",honest
الندم,Heartfelt remorse for having disobeyed Allah. It is morally focused regret and is described as the core of repentance.,sadness
الإقلاع,"Immediate cessation and abandonment of a sin. In repentance language it means stopping the offence, not gradual reduction.",taking off
العزم,"Firm resolve of the heart to obey or not return to sin. It is a settled moral decision, not momentary motivation.",determination
الصفح,Graciously turning away from an offence without reproach. It suggests opening a new page rather than repeatedly mentioning the wrong.,pardon
التكفير,"Expiation or removal of sins; in another context, declaring a person to be an unbeliever. The surrounding words are essential because the two meanings are very different.",declaring unbelief
الكفارة,"A prescribed act of expiation for a specific violation. It does not necessarily replace repentance, compensation, or restoration of another person's rights.",atonement
الحسنات,"Righteous deeds and moral goods rewarded by Allah. It includes acts, qualities, and their reward-bearing effects.",good points
السيئات,"Sins, evil deeds, or harmful consequences. It can denote offences themselves or the harms they produce.",bad things
المحو,"Erasure or removal, especially Allah's erasing sins or their recorded effects. It is a theological image of complete removal, not computer deletion.",deletion
التبديل,"Allah's replacing evil deeds with good for sincere repenters. It is transformative, not mere relabelling.",switching
الرجوع,"Returning to Allah, truth, or obedience after departure. It describes existential return, not movement.",going back
الأوبة,"Frequent and loving return to Allah. It conveys repeated devotional return, stronger than ordinary coming back.",return
التحصين,"Seeking protection through prescribed remembrance, Qur'anic recitation, and supplication. It does not mean creating a magical shield.",fortification
الأذكار,"Established formulas and acts of remembering Allah for recurring times and situations. They include praise, supplication, and Qur'anic phrases.",chants
التلبية,"The pilgrimage response beginning ""Labbayka,"" expressing readiness, obedience, and repeated response to Allah's call.",chanting
التقديس,"Affirming Allah's absolute sacredness and freedom from every imperfection. It concerns divine transcendence, not making something holy by human action.",sanctification
الابتهال,"Earnest, humble supplication made with deep need. It combines humility, intensity, and turning to Allah.",pleading
الثناء,Praising Allah by mentioning His beautiful qualities and acts. It is reverent praise and is broader than repeating a single formula.,compliment
الاستغاثة,"Seeking urgent rescue or relief. In theological discussion, the meaning and ruling depend on whom help is sought from and what ability is attributed to them.",calling for help
الاستعانة,Seeking help while recognizing that all ultimate power belongs to Allah. It may refer to ordinary assistance from people or devotional reliance on Allah.,asking help
الاستمداد,"Seeking reinforcement, support, or aid. Because the word can be used materially or spiritually, the source and kind of help must be clear from context.",drawing power
المسألة,"A request or question. In devotional context, it can mean asking Allah for a need; in scholarly context, it means an issue under discussion.",problem
المناجاة,"Intimate, private conversation and supplication directed to Allah. It conveys closeness, confidentiality, and inward address.",whispering
الاستكانة,"Humble submission and loweredness before Allah, especially during hardship. It is voluntary spiritual yielding, not degradation before people.",humiliation
التضرع,"Humble, broken-hearted pleading before Allah. It denotes spiritually truthful need, not degrading performance.",groveling
الانكسار,Contrite humility and awareness of need before Allah. It is not psychological collapse or loss of human dignity.,brokenness
المودة,"Affectionate love expressed through loyalty, care, and good treatment. It emphasizes warm, enacted affection rather than emotion alone.",love
الرغب,Hopeful desire directed toward Allah. It is often paired with awe-filled fear to express balance between hope and fear.,wanting
الرهب,"Awe-filled fear that turns a person away from disobedience. It is devotional reverence, not panic.",panic
الاستجابة,A response to a call or supplication. Allah's answer to prayer may take a form other than the exact result requested.,response
القبول,"Allah's gracious acceptance of worship or repentance. An act may be outwardly valid while its ultimate acceptance remains dependent on sincerity, conformity, and divine grace.",approval
الإجابة,"Granting or responding to a request. In the context of supplication, an answer does not necessarily mean immediate fulfilment in the exact form expected.",answer
الإلحاح,"Persistent and repeated supplication without despair. It is praised when joined with humility, trust, and patience rather than entitlement.",nagging
اليقظة,"Spiritual wakefulness after heedlessness. It is the heart's awakening to mortality, sin, and divine signs.",alertness
الغفلة,Heedless absence from awareness of Allah and the Hereafter. A person may remember facts yet remain spiritually heedless.,forgetfulness
النسيان,"Forgetting; sometimes neglecting or abandoning what one was commanded to remember. It may carry moral neglect, not involuntary forgetting only.",memory failure
التفكر,"Deliberate reflection on signs, creation, and meaning. It is worshipful reasoning aimed at recognition and reform.",thinking
التذكر,"Recovering and responding to a truth through reminder. It includes moral receptivity, not recall alone.",remembering
الاستحضار,Bringing a meaning consciously before the heart. It means sustaining awareness of divine presence and intention.,recalling
التفويض,"Entrusting the result of one's affairs to Allah after responsible effort. It is inward surrender, not abandonment of action.",delegation
الثقة,"Settled confidence in Allah's promise, wisdom, and care. The word itself can mean trust generally, so its object must be clear.",self-confidence
حسن الظن,"Expecting Allah's mercy, wisdom, and good treatment while continuing repentance and obedience. It is not presumption that actions have no consequences.",positive thinking
سوء الظن,"Unfounded negative suspicion about Allah or other people. It can concern divine wisdom, another person's motives, or social conduct and must be understood from context.",negative thinking
الاستعجال,"Impatiently demanding an answer or outcome before its wise time. In supplication, it includes losing hope because the request was not answered quickly.",speed
القنوط,"Despairing of Allah's mercy. It is a theological-moral loss of hope, not ordinary discouragement.",sadness
اليأس,"Loss of hope, especially in relief or mercy. It can become blameworthy when it denies Allah's power or compassion.",pessimism
البشارة,Glad tidings that announce divine favour or a hopeful outcome. It carries authoritative promise and spiritual encouragement.,good news
الإنذار,"A warning given before accountability so that danger can be avoided. In prophetic speech, it is advance moral warning rather than mere intimidation.",threat
الاستبشار,Rejoicing in received or promised divine favour. It conveys inward gladness awakened by good news.,celebration
الفرج,Divinely granted opening and relief after constriction. It denotes unexpected release from hardship.,escape
الكرب,"Severe constriction, anguish, and overwhelming distress. It is stronger than ordinary pressure or stress.",stress
النجوى,Private conversation or secret counsel. Qur'anic usage can refer positively to intimate supplication or negatively to concealed plotting.,whisper
الوسيلة,A legitimate means of drawing nearer to Allah. The term names the means itself and does not automatically specify a disputed form of intercession.,intermediary
التوسل,"Seeking nearness to Allah or an answer to prayer through a recognized means. Jurists differ about some forms, so the specific means must be identified.",mediation
التبريك,"Invoking or affirming Allah's blessing for a person or thing. It is a prayer that Allah place enduring good, not a transfer of mystical energy.",congratulation
الإنصاف,"Fair-minded recognition of another person's right, even against oneself. It implies surrendering personal advantage when truth requires it.",fairness
البرور,"Abundant dutiful goodness, especially toward parents and those with rights. It includes tenderness and service, not mechanical compliance.",obedience
الصلة,"Maintaining active bonds of kinship through contact, care, support, and reconciliation. In sermon usage, the word often abbreviates ""maintaining family ties."".",contact
الرفق,"Gentleness that chooses the least harmful effective way. It is wise and controlled gentleness, not weakness or refusal to correct.",softness
الحلم,"Forbearing self-control when one has the power to retaliate. Without context, the same spelling can also mean a dream.",dream
الأناة,"Deliberate composure that avoids rash action. It is thoughtful restraint, not laziness or indecision.",slowness
الوقار,"Dignified calm arising from seriousness and self-command. It is inward steadiness reflected outwardly, not stiffness or social status.",solemnity
المروءة,"Honourable character and socially recognized decency that protect human dignity. Although often translated ""manliness,"" the ethical quality is not limited to men.",manliness
الشهامة,"Noble readiness to protect, assist, and act generously. It denotes moral courage and magnanimity, not aristocratic manners.",chivalry
النجدة,"Swift assistance to someone in distress, especially when courage is needed. It includes initiative and solidarity, not emergency technique alone.",rescue
الجود,"Ready and expansive giving without painful reluctance. It suggests an open-handed disposition, not merely the size of a gift.",generosity
الكرم,"Nobility expressed through generosity, honour, and gracious treatment. It is broader than hosting guests and can describe moral excellence.",hospitality
السخاء,Freedom from stinginess shown in willing expenditure. It emphasizes ease of giving rather than extravagance.,liberality
البذل,"Putting one's wealth, effort, time, or status at the service of a worthy cause. It includes personal exertion and sacrifice, not money alone.",spending
المواساة,"Sharing another person's burden through practical, material, and emotional support. It means standing with someone in hardship, not offering comforting words alone.",consolation
الوفاء,"Faithfully completing promises, covenants, rights, and obligations. It concerns fulfilment and integrity, not allegiance regardless of truth.",loyalty
العفة,"Disciplined restraint from unlawful desire and degrading dependence. It includes sexual, financial, and verbal self-restraint.",chastity
الشجاعة,Moral and physical courage governed by wisdom. Islamic ethics places it between cowardice and recklessness.,bravery
الهمة,"Aspirational energy directed toward noble aims. It is elevation of purpose, not status-seeking.",ambition
الجد,"Serious, sustained exertion rather than play or negligence. It combines resolve and work; tone determines whether it contrasts with joking.",seriousness
المثابرة,"Steady continuation despite difficulty and delay. It stresses repeated disciplined effort, not stubborn attachment to error.",persistence
المصابرة,"Outlasting opposition through greater steadfastness. It implies competing in endurance, not merely waiting.",patience
المرابطة,"Sustained vigilance and readiness in defence of duty. In Qur'anic and devotional usage, it may refer either to frontier service or disciplined spiritual watchfulness.",border guarding
التعاون,Mutual assistance in what is righteous and beneficial. Cooperation is praised or blamed according to the purpose it serves.,cooperation
التكافل,"Communal mutual responsibility so that vulnerable members are not abandoned. It is an obligation-bearing social ethic, not sentiment alone.",solidarity
التراحم,Reciprocal active mercy among people. It stresses a community in which members give mercy to one another.,compassion
التعاطف,Emotionally recognizing and sharing another person's condition. Sermons usually connect this fellow feeling with practical support.,sympathy
الأدب,"Disciplined and fitting conduct toward Allah, revelation, people, and particular situations. It combines knowledge, restraint, and propriety rather than etiquette alone.",manners
الاحتشام,"Dignified modesty in appearance, speech, and social conduct. It denotes protected dignity rather than shame toward the body or ordinary interaction.",prudishness
خفض الجناح,"Gentle and accessible humility toward those under one's care. The expression is a Qur'anic image of tenderness, like a bird lowering its wing.",lowering the wing
الصمت,Purposeful restraint of speech when speaking would cause harm or bring no benefit. It does not justify withholding truth when testimony or intervention is required.,silence
حفظ اللسان,"Guarding speech from falsehood, injury, and useless excess. It is a comprehensive discipline of verbal accountability.",holding the tongue
التمحيص,"Careful testing that separates sound information or character from what is defective. It includes purification through examination or trial, not fault-finding for its own sake.",scrutiny
التروي,"Pausing long enough for judgment and action to mature. It is disciplined deliberation, not fear-driven indecision.",hesitation
الستر,"Concealing a person's non-public fault while encouraging correction and avoiding scandal. It does not justify hiding ongoing abuse, public danger, or violations of others' rights.",covering
المداراة,Courteous accommodation used to prevent harm while preserving principle. It differs from compromising truth merely to gain approval.,flattery
التغافل,Wisely overlooking minor faults that one has noticed. It does not mean ignoring serious harm or neglecting responsibility.,deliberate overlooking
العفو عند المقدرة,"Refraining from deserved personal retaliation despite having power. The expression praises moral strength, while public rights may still require justice.",forgiveness when able
كظم الغيظ,"Containing anger so it does not govern speech or action. It means mastery and redirection, not denial of emotion or tolerated abuse.",suppressing rage
إصلاح ذات البين,"Restoring sound relations between estranged people. It is a major communal duty involving truth, justice, and reconciliation.",reconciliation
البشاشة,"Warm, welcoming openness shown in the face and manner. It is socially beneficial graciousness, not forced happiness.",cheerfulness
طلاقة الوجه,"Meeting people with an open, pleasant, and approachable expression. It is a classical idiom and should not be translated literally as ""a loose face."".",a loose face
إغاثة الملهوف,Giving urgent help to a person in acute distress. The expression conveys both urgency and moral responsibility.,helping the distressed
تفريج الكربة,Removing or easing another person's severe distress. The Prophetic expression connects relieving people in this life with receiving divine relief in the Hereafter.,solving a problem
قضاء الحوائج,"Helping people meet legitimate and pressing needs. The word refers to needs and affairs, not every personal desire.",fulfilling wants
حمل الكل,"Supporting a dependent, burdened, or incapable person who cannot manage alone. It is a classical expression and does not mean carrying everyone physically.",carrying everyone
إعانة الضعيف,"Empowering and assisting those with limited power or capacity. It may be social, financial, physical, or situational; the phrase need not demean.",helping the weak
نصرة المظلوم,"Supporting the wronged person in recovering safety and rights. It is effective advocacy and protection, not military victory.",supporting the oppressed
رد المظالم,"Restoring wrongfully taken rights to their owners. It means violated rights or wrongful exactions, not abstract injustices.",restoring wronged rights
أداء الحقوق,Fulfilling the claims and obligations owed to Allah and to people. A right held by one person becomes a duty upon the person who owes it.,performing rights
احترام الحرمات,"Honouring the persons, rights, times, places, and limits made inviolable by Allah. It is broader than respecting sacred objects.",respecting sacred limits
تعظيم الشعائر,"Honouring the visible rites and symbols designated by Allah. It means reverent observance, not enlarging or idolizing symbols.",magnifying rituals
سلامة الصدر,"A heart free of rancour, envy, and malicious intent toward others. The expression is an idiom for inward moral soundness, not physical chest safety.",a safe chest
صفاء القلب,"Inward clarity unclouded by persistent malice, vanity, or duplicity. It does not imply sinlessness; it describes cultivated moral lucidity.",purity of heart
طهارة الباطن,"Cleansing inward motives and states from spiritual corruption. It concerns intention and character, not ritual purification.",inner cleanliness
محاسن الأخلاق,The recognized excellences of stable moral character. It points to embodied virtues rather than abstract moral theories.,good ethics
مكارم الأخلاق,"The highest and most noble forms of moral character. It denotes elevated excellences, not generosity alone.",generous morals
السماحة,"Gracious ease, generosity, and forbearance in lawful dealings. It does not mean unrestricted permissiveness or indifference to principle.",permissiveness
التيسير,Making religious duties practicable through lawful ease and concession. It does not mean altering the religion simply to choose the least demanding option.,making easy
رفع الحرج,"Removing excessive hardship recognized by Islamic law. Here, ""haraj"" means serious constriction, not social embarrassment.",removing hardship
الاعتدال,"Upright moderation that avoids blameworthy excess and neglect. It is guided by principle, not by automatically choosing the numerical midpoint.",centrism
التوازن,"Giving multiple legitimate claims their proportionate due. It is ethical integration, not mathematical equality.",balance
الوسطية,"A just, balanced, and morally excellent religious orientation. It does not mean compromise between truth and falsehood.",moderation
المداومة,Regular continuation of a good act even when small. It stresses stable practice rather than unbroken action at every moment.,permanence
الاقتصاد في الطاعة,Sustainable and measured devotion without negligence or self-destructive excess. It expresses the Prophetic ideal of steady worship within human capacity.,moderation in worship
اغتنام الأوقات,"Using available periods as opportunities for worship and benefit. It implies valuing a fleeting opportunity, not exploitation.",seizing times
ترتيب الأولويات,Ordering duties and benefits according to their real religious importance. It prevents lesser goods from displacing greater obligations.,setting priorities
فقه الموازنات,The juristic method of weighing competing benefits and harms when they cannot all be achieved or avoided. It is more than ordinary compromise.,jurisprudence of balancing
السمعة,"Seeking reputation by making one's good deeds heard or talked about. It is closely related to showing off, but often focuses on being praised through reports rather than direct observation.",fame
العجب,"Self-admiration that credits oneself and forgets divine grace. It is inward moral conceit, not healthy recognition of progress.",wonder
الاستكبار,"Actively refusing submission out of a claimed superiority. It implies enacted resistance, especially toward divine command.",arrogance
الخيلاء,"Ostentatious self-importance displayed in bearing, dress, or conduct. It is pride made visible, not every confident appearance.",swagger
الغرور,"Deceptive confidence produced by false appearances, wishful thinking, or worldly attraction. It is being deluded, not merely admiring one's looks.",vanity
الغبطة,"Wishing to receive a blessing similar to another person's without wanting their blessing removed. It is positive emulation, not envy.",envy
الحقد,"Stored hostility that remains in the heart and seeks retaliation. It is sustained inward enmity, not a passing hurt.",grudge
الغل,Deep concealed rancour or treacherous resentment. It denotes hidden hostility that contaminates relationships.,malice
البغضاء,Settled hatred and mutual aversion. It describes a relational condition that can be socially cultivated.,hatred
الشحناء,"Hostility that fills the space between people and prolongs estrangement. It emphasizes charged interpersonal hostility, often blocking forgiveness.",enmity
البهتان,A false accusation so serious that it leaves the accused stunned. It is stronger than an ordinary lie.,slander
الإفك,A grave fabricated falsehood that reverses or distorts reality. It is often used for calumny.,lie
الكذب,"Knowingly stating or conveying what is contrary to reality. Its seriousness varies with intention, subject, and harm, but deliberate falsehood is the central meaning.",lying
الزور,"Deliberately distorted speech, testimony, or presentation that makes falsehood appear sound. It includes false testimony and deceptive appearance, not words alone.",falsehood
الفحش,Gross indecency or excess in speech and conduct. It is whatever crosses recognized moral bounds in an ugly way.,obscenity
البذاءة,"Habitually coarse, abusive, or shameless speech. It denotes verbal foulness that reflects degraded character.",rudeness
السباب,"Mutual or direct reviling and insulting. It is personal abuse, not merely using taboo words.",swearing
اللعن,"Invoking exclusion from Allah's mercy. It is a grave religious formula, not an ordinary insult.",cursing
الطعن,"Attacking another's honour, lineage, integrity, or standing. In moral discourse it is verbal or reputational assault.",stabbing
السخرية,"Ridiculing a person in order to belittle them. It is contemptuous mockery, not all humour or joking.",humour
الاستهزاء,"Treating truth, religion, or people as objects of derisive scorn. It conveys contempt and can be doctrinally grave when directed at sacred matters.",teasing
التنابز,Calling one another by offensive labels or nicknames. It highlights a culture of exchanged humiliation.,name-calling
سوء الأدب,"Conduct that violates the reverence or respect appropriate to a person, sacred matter, or situation. It is broader than poor etiquette.",bad manners
العقوق,"Grave undutifulness and harmful conduct toward parents. It includes injury, contempt, and abandonment, not every disagreement.",disobedience
القطيعة,Severing a relationship that one is religiously required to maintain. It most often concerns kinship but can also describe an unjustified social rupture.,estrangement
الخيانة,"Betraying a trust, covenant, confidence, or entrusted right. It is broader than betrayal of a state.",treason
الغدر,Violating a pledge after giving another party security or confidence. It emphasizes treacherous reversal after assurance.,betrayal
نكث العهد,Breaking a solemn promise or covenant after confirming it. It evokes unravelling something firmly twisted.,undoing the pact
الجحود,"Denying a truth or favour that one inwardly recognizes. It implies culpable refusal, not simple lack of knowledge.",denial
الكفران,"Denying or covering over gratitude for a blessing. Depending on context, the word can mean ingratitude and may also be connected with disbelief.",unbelief
البطر,"Arrogant exultation in blessings that leads to ingratitude and wrongdoing. It condemns corrupted enjoyment, not happiness itself.",joy
الأشر,"Arrogant, heedless exuberance produced by prosperity. It describes morally intoxicated self-indulgence, not ordinary cheerfulness.",merriment
الإسراف,"Exceeding proper limits in spending, consumption, behaviour, or even otherwise lawful activity. It is broader than wasting money.",waste
التبذير,"Dissipating wealth into wrongful or useless uses. The wrongdoing concerns where resources are directed, not only the amount spent.",extravagance
الشح,Possessive greed combining stinginess with an urge to acquire what others have. It is stronger than ordinary reluctance to spend.,miserliness
البخل,"Withholding what is due or appropriate despite having the ability to give. Unlike shuhh, the word focuses mainly on withholding rather than coveting.",stinginess
الطمع,"Covetous desire for what another person possesses or controls. It is blameworthy when gain becomes more important than dignity, justice, or duty.",hope
الحرص,"Intense eagerness to acquire or retain something. The word can praise diligence, but in moral warnings it often means grasping attachment.",carefulness
الجشع,Insatiable greed that is not satisfied by sufficiency. It stresses voracious excess rather than prudent desire.,greed
الرشوة,"A payment, gift, or benefit used to corrupt a duty or obtain an undeserved advantage. Its moral nature is determined by its purpose, not the label given to it.",gift
الغلول,"Secretly misappropriating communal, entrusted, or public property. The term has a strong religious association with betrayal of public trust and war gains.",embezzlement
السحت,"Illicit gain that morally corrupts or destroys the person who consumes it. It includes bribery, extortion, and other unlawful earnings.",dirty money
أكل أموال الناس,"Wrongfully taking, using, or benefiting from other people's wealth. ""Eating"" is a Qur'anic idiom for unjust appropriation.",taking people's wealth
المطل,"Culpably delaying payment of a due debt despite ability. It is a specific financial injustice, not general delay.",procrastination
التطفيف,"Giving less than what is due in weight, measure, quality, or rights. The Qur'anic warning extends beyond marketplace scales to any unfair shortchanging.",short weighing
الاحتكار,Withholding needed goods in order to create harmful scarcity or manipulate prices. It is a specific juristic wrong and is not identical to every monopoly.,monopoly
الغش,"Deceiving another by concealing defects or presenting something falsely. It includes commercial, educational, relational, and religious deception.",cheating
التدليس,"Concealing a relevant defect or creating a misleading impression in a transaction or transmitted report. Its specific technical meaning depends on whether the context is law, commerce, or hadith.",fraud
الخداع,Inducing a false belief through manipulation or concealed intent. It can describe interpersonal trickery or self-deception before Allah.,deception
المكر,"Secretly arranging an outcome through means the other party does not perceive. When attributed to Allah, it denotes His decisive response to wrongful plotting, not moral deceit.",plotting
الكيد,Purposeful hidden strategizing to overcome or harm an opponent. It can be defensive or blameworthy depending on agent and context.,scheme
العدوان,"Crossing protected limits and violating another person's body, property, dignity, or rights. It is broader than physical aggression.",aggression
الإثم,A culpable sin or moral burden that holds a person back from good. It can refer to the offence itself or the burden it creates.,sin
الفاحشة,A conspicuously grave indecency that exceeds moral limits. It often refers to sexual wrongdoing but is not limited to it.,immorality
الصغائر,"Sins classified as less grave than major sins. They remain blameworthy and can become severe through persistence, contempt, or accumulation.",small sins
المحقرات,Sins that people dismiss as insignificant even though their accumulation can be destructive. The word criticizes the person's minimization of them.,trivialities
الإصرار,"Knowingly persisting in wrongdoing without repentance. Persistence can make repeatedly dismissed ""small"" sins morally grave.",insistence
المجاهرة,"Openly publicizing one's sin without shame, sometimes encouraging others to imitate it. It does not include admitting a fault privately in order to seek help or repent.",openness
التبرج,Displaying adornment or bodily attractions in a conspicuous way prohibited by Islamic modesty norms. The precise application depends on legal and social context and is not identical to ordinary grooming.,self-expression
الخلوة,"Seclusion between adults of opposite sexes who are legally marriageable to one another, in circumstances where normal public access or oversight is absent. It is a technical legal setting, not every form of privacy.",privacy
الزنا,"Sexual intercourse outside a valid marriage as defined by Islamic law. The term includes both adultery and fornication, while legal punishment requires an exceptionally high standard of proof.",adultery
القذف,"Accusing a chaste person of unlawful sexual intercourse without the legally required proof. It is a specific major offence, not every form of defamation.",slander
الخمر,"Any intoxicating substance that clouds the intellect, classically exemplified by wine. The legal meaning is based on intoxication, not the source ingredient alone.",wine
الميسر,Gambling or games of chance in which wealth is transferred through uncertain gain and loss. It does not include every competition or ordinary business risk.,games
السحر,Occult practice seeking extraordinary effects through prohibited means. The theological and legal category should not be automatically applied to stage illusion or entertainment tricks.,magic
الكهانة,"Claiming access to hidden information through spirits or occult intermediaries. In sermon language, it means soothsaying, not priesthood.",priesthood
العرافة,"Claiming hidden knowledge through divination, signs, or alleged supernatural insight. It can include more than predicting future events.",fortune-telling
التطير,Treating an omen as an independent cause for good or bad action. It is specifically omen-based pessimism that alters decisions.,superstition
الطيرة,"The omen or superstitious foreboding itself. Its root arose from birds, but the concept covers many supposed signs.",bird omen
العصبية,"Partisan loyalty that supports one's tribe or group even when it is unjust. The condemnation concerns loyalty overriding truth, not group identity itself.",tribalism
الجاهلية,"A condition of ignorance, arrogance, and lawlessness opposed to divine guidance. It can describe recurring moral patterns, not only Arabia before Islam.",pre-Islamic era
الفساد,"Corruption or disorder that damages moral, social, political, economic, or environmental life. It is broader than bribery.",corruption
الإفساد,Actively causing corruption or undermining what is sound. It stresses agency in spreading damage.,spoiling
الفجور,"Brazen transgression that breaks through the restraints of righteousness. It evokes bursting beyond boundaries, often with shameless persistence.",wickedness
الطغيان,"Exceeding rightful limits through power, wealth, pride, or rebellion. It can describe people, societies, rulers, or even overflowing water.",tyranny
البغي,"Wrongful transgression, oppression, or pursuit of superiority. In legal and political contexts, it can also refer to rebellion, so the surrounding context matters.",rebellion
القسوة,"Hardness of heart that blocks mercy, receptivity, and moral response. It is inward insensitivity, not firm enforcement of justice.",harshness
الرَّان,"A Qur'anic image of rust or covering formed on the heart through accumulated sin. It describes loss of spiritual receptivity, not a physical substance.",stain
الطبع على القلب,"A Qur'anic image of the heart becoming unreceptive after persistent rejection. It describes a consequence of culpable refusal, not literal printing.",sealing the heart
الختم على القلب,"A Qur'anic image of the heart being sealed against guidance after persistent rejection. It is a grave spiritual condition, not a medical description.",heart closure
قسوة القلب,"Spiritual hardness that makes reminders and suffering fail to awaken mercy. It is a cultivated moral state, not an immutable personality trait.",hard-heartedness
موت القلب,"The heart's loss of spiritual awareness and responsiveness. A metaphor for moral-spiritual lifelessness, not bodily death.",death of the heart
هوى النفس,"Personal desire treated as an authority against truth and duty. The word does not condemn every desire, only desire followed in opposition to guidance.",personal desire
اتباع الشهوات,"Allowing appetites to direct conduct without lawful restraint. The criticism targets domination by desire, not human appetite itself.",following desires
طول الأمل,"Prolonged worldly expectation that delays repentance and useful action. It means living as though death and accountability were remote, not healthy hope.",long hope
الإعراض,"Deliberately turning away from truth or reminder after it reaches a person. It is active disengagement, not simple distraction or lack of exposure.",ignoring
اللهو,"Diversion that occupies a person away from what deserves greater priority. Its moral value depends on what it distracts from, not amusement alone.",entertainment
اللعب,"Play or activity treated without ultimate seriousness. In sermons, it often describes the temporary nature of worldly life and does not make all recreation forbidden.",playing
الاحتساب,Acting or enduring hardship while consciously seeking reward from Allah. Intention transforms ordinary service or suffering into an act of worship.,calculation
المصاب,"The affliction that has befallen a person. It may be bereavement, illness, loss, or any tested hardship.",injury
المصيبة,"A harmful event that strikes a person or community by Allah's permission. It can mean loss, illness, or public calamity and does not by itself prove divine anger.",disaster
الابتلاء,"A test from Allah that reveals, educates, and distinguishes people's responses. It can occur through prosperity as well as adversity.",ordeal
الامتحان,"A test that reveals the reality of faith, character, or ability. In sermon language, it is a moral or existential examination rather than an academic test.",exam
المحنة,"A severe ordeal that examines and exposes steadfastness. It implies prolonged pressure, including persecution.",crisis
الشدة,"A condition of constriction, hardship, or intensified difficulty. It can describe circumstances, not harsh character alone.",severity
الضراء,"Adversity involving pain, harm, or material constriction. It is commonly paired with prosperity and ease.",damage
السراء,"Prosperity and ease that can themselves test gratitude and character. It describes favourable circumstances, not happiness alone.",happiness
البأساء,"Severe deprivation, poverty, or distress that presses upon life. It emphasizes material hardship.",misery
الزلزلة,"A shaking that unsettles the earth, society, or a person's certainty. It may be literal, eschatological, or metaphorical for an extreme trial.",earthquake
الاضطرار,"A state of compelling necessity in which ordinary choice is severely constrained. In Islamic law, it can change rulings but requires more than inconvenience.",being forced
الضرورة,"A necessity whose absence threatens an essential interest such as life, religion, intellect, family, or property. It is a technical legal threshold, not every strong need.",need
الحاجة,A significant need whose neglect causes real hardship without reaching the level of dire necessity. Islamic law distinguishes it from both emergency and luxury.,want
العسر,"Genuine difficulty or constriction that may trigger lawful facilitation. It concerns burden, not moral harshness.",hardness
اليسر,"Ease and practicability intended within obedience to Allah. It does not mean that religion requires no effort, sacrifice, or discipline.",ease
الفرج بعد الشدة,Relief and opening granted by Allah after severe constriction. The phrase nurtures hope without guaranteeing a particular worldly result or timetable.,happy ending
حسن الظن بالله,"Hopeful confidence in Allah's wisdom, mercy, and fulfilment of His promise. It coexists with repentance and effort; it is not presumption of immunity from consequences.",positive thinking
الرضا بالقضاء,"Accepting Allah's decree without inward rebellion while continuing lawful action. It does not require liking pain, refusing treatment, or abandoning efforts at improvement.",resignation
التسليم,"Trustfully yielding one's judgment and will to established divine guidance. It is conscious submission, not unthinking passivity.",surrender
الأخذ بالأسباب,Using lawful practical causes and means while relying on Allah for the outcome. It rejects both fatalism and belief that causes operate independently of Him.,taking reasons
التواكل,Neglecting effort while falsely claiming reliance on Allah. It is the blameworthy opposite or counterfeit of genuine reliance.,mutual reliance
المقاومة,"Actively resisting oppression, temptation, or destructive pressure. Its moral value depends on what is resisted and the methods used.",resistance
جهاد النفس,"Sustained struggle to govern desire, anger, habit, and ego according to divine guidance. It is inner moral discipline, not violence against oneself.",struggle against the self
الصمود,Remaining purposeful and unbroken under sustained pressure. The word has modern political associations but also a wider meaning of resilient endurance.,steadfastness
المرونة,Adapting permissible methods while preserving essential principles. It is not surrendering foundational beliefs or duties.,flexibility
التعافي,"Gradual recovery after physical, emotional, communal, or spiritual harm. The word does not imply immediate or complete restoration.",healing
شرح الصدر,"An inward opening granted by Allah that produces receptivity, courage, and ease in carrying truth. It is a Qur'anic idiom, not a medical procedure.",opening the chest
ضيق الصدر,"Inner constriction expressed as distress, reluctance, or difficulty bearing a matter. It may be spiritual or emotional and should not automatically be treated as a medical diagnosis.",chest tightness
ربط القلب,Allah's strengthening and steadying a frightened or grieving heart. It is a Qur'anic image of stabilizing courage and certainty.,tying the heart
تثبيت الفؤاد,Strengthening the heart so it remains coherent and steadfast under intense emotional pressure. The expression emphasizes stabilization of the deeply affected inner self.,fixing the heart
جبر الخاطر,Comforting and restoring the dignity of a person whose inner state has been wounded. It is a common idiom for consoling the broken-hearted.,mending thoughts
الانكسار لله,"Humble contrition before Allah arising from awareness of need and fault. It is spiritually valued dependence, not abuse, despair, or damaged self-worth.",being broken
الافتقار إلى الله,"Recognizing one's complete need of Allah for existence, guidance, and ability. The poverty described is spiritual and existential, not financial.",poverty toward God
الهيبة,"Awe before greatness that restrains casual irreverence. It is an inward response to majesty, not social prestige.",prestige
الإشفاق,"Fear joined with tenderness, concern, and careful avoidance of harm. It can describe concern for oneself or compassionate fear for another.",pity
الأمن من مكر الله,"False confidence that one is safe from Allah's judgment while persisting in sin. The phrase condemns presumption, not hopeful trust in divine mercy.",feeling safe from Allah's plan
النذارة,"Advance warning that allows a person to avoid danger or punishment. In prophetic teaching, warning is a form of mercy because it precedes consequences.",threatening
الدلالة,"Indicating or pointing to a meaning, path, or evidence. It is cognitive indication and does not necessarily include acceptance.",guidance
الإرشاد,"Wise direction toward what benefits and away from harm. It is practical guidance, sometimes institutional or educational.",counselling
السداد,"Being directed to the accurate, fitting, and upright course. In sermons, it means soundness and correctness, not repayment of a debt.",repayment
الضلال,"Being lost from the path of guidance through ignorance, confusion, or rejection. The word has degrees and does not always imply deliberate unbelief.",misguidance
الزيغ,An inward inclination or turning away from truth. It often describes the heart beginning to deviate after encountering guidance.,deviation
الانتكاس,"A reversal from a better moral or spiritual state to a worse one. It implies falling back after progress, not every temporary weakness.",relapse
التغيير,"Bringing about a shift in condition, habit, or system. Legitimate change begins with moral agency but also requires wise means.",change
التزكية,"Purifying the soul while cultivating and increasing virtue. The word combines cleansing and growth, not ritual washing.",purification
التهذيب,"Refining character by removing coarseness and training good habits. It is moral cultivation, not punishment.",discipline
التربية,"Gradual nurturing that develops faith, knowledge, character, and ability. It is broader than classroom education.",education
التذكير,Renewing awareness of a truth that is known or naturally recognizable. It assumes human forgetfulness and invites moral response.,reminding
التبصير,"Helping people perceive realities, consequences, and priorities clearly. It means giving insight through explanation, not claiming secret illumination.",enlightenment
البلاغ,"Faithful and complete delivery of a message without concealment or alteration. The speaker is responsible for conveyance, not for forcing acceptance.",communication
الحكمة في الدعوة,"Choosing an appropriate message, method, time, and tone when inviting others to faith. Wisdom means beneficial and truthful delivery, not silence about truth.",wisdom in preaching
المجادلة بالتي هي أحسن,"Reasoned disagreement conducted through the most truthful, respectful, and effective means. The expression concerns both the quality of the argument and the manner of presenting it.",debating nicely
الأمر بالمعروف,"Promoting what revelation and sound moral judgment recognize as right. It requires knowledge, appropriate authority or ability, likely benefit, and avoidance of greater harm.",commanding good
النهي عن المنكر,"Seeking to prevent recognized wrongdoing through lawful, proportionate means. It is not a licence for vigilantism, humiliation, or uninformed interference.",forbidding evil
تغيير المنكر,"Working to remove wrongdoing according to one's authority, ability, and the likely consequences. Prophetic teaching distinguishes action, speech, and inward rejection.",changing evil
فقه الأولويات,"Understanding which duties, harms, and benefits deserve precedence. It prevents secondary matters from displacing essential obligations.",jurisprudence of priorities
فقه الواقع,Accurate understanding of the real circumstances relevant to applying religious guidance. Knowledge of context supplements rather than replaces knowledge of revelation and law.,understanding present realities
مآلات الأفعال,The foreseeable outcomes and downstream effects of actions. Ethical and legal judgment may consider consequences as well as immediate intention.,ends of actions
سد الذرائع,"Blocking an otherwise permissible means when it is strongly expected to lead to prohibited harm. The word ""means"" is more accurate here than ""excuses."".",closing excuses
درء المفاسد,"Preventing or removing genuine harms and corrupting consequences. The term refers to substantive harm, not merely what someone dislikes.",preventing harm
جلب المصالح,Securing genuine benefits recognized by revelation and sound reason. It does not mean pursuing private advantage at any cost.,bringing interests
الوحدة,Principled unity that prevents destructive division while allowing legitimate diversity. It does not require complete uniformity of opinion.,uniformity
التآلف,"Hearts becoming mutually familiar, harmonious, and connected. It describes relational cohesion created through mercy and shared good.",familiarity
الائتلاف,"Coming together upon compatible aims after difference. It can be communal concord, not only political alliance.",coalition
التفرق,"Divisive separation into rival paths, especially after clear guidance. The criticism is directed at destructive fragmentation, not every difference.",diversity
الاختلاف,"Difference in opinion, form, or condition. It may be legitimate or blameworthy depending on its cause, subject, manner, and consequences.",disagreement
الخلاف,"Divergence or opposition between positions or parties. It can describe scholarly disagreement, social conflict, or simply being contrary.",conflict
التنازع,"Mutual contest that drains strength and obstructs common action. It is reciprocal pulling apart, more disruptive than simple disagreement.",dispute
الشقاق,Deep and entrenched opposition in which the parties stand on separate sides. It describes more than ordinary disagreement.,discord
الصلح,A lawful reconciliation or binding settlement that ends conflict and restores workable relations. It means more than the absence of fighting.,peace
المصالحة,The process of restoring relations after conflict or wrongdoing. Sound reconciliation must address rights and accountability rather than conceal harm.,reconciliation
التحكيم,"Submitting a dispute to an agreed adjudicator for a ruling. It can be legal, familial, or political and requires defined authority.",arbitration
الوساطة,Mediation between parties or using one's position to facilitate access. It can be praiseworthy when just and blameworthy when it becomes favouritism.,mediation
الشفاعة الحسنة,"Interceding to secure a legitimate benefit or prevent harm. It must not corrupt justice, cancel another person's rights, or privilege someone undeserving.",good intercession
المحسوبية,"Granting advantage because of personal connections rather than merit or right. It is unjust patronage, not lawful recommendation or ordinary networking.",networking
التحيز,"Inclining unfairly toward a person, group, or preconception. It can also mean taking a side spatially; ethical context determines blame.",bias
العدل الاجتماعي,"A social order in which rights, opportunities, burdens, and protections are distributed justly. It does not necessarily require identical outcomes.",social justice
الكرامة,"God-given human dignity that forbids humiliation and unjust violation. In other contexts, the same word can also mean an extraordinary grace granted to a righteous person.",honour
حرمة الدم,"The inviolability of human life except through narrowly defined lawful authority. ""Blood"" is a legal idiom for life.",sanctity of blood
حرمة المال,"The protected legal status of another person's property. It means inviolability, not that money itself is sacred.",sanctity of property
حرمة العرض,"The protected dignity, reputation, and sexual honour of a person. Here the Arabic word means honour, not width or a presentation.",sanctity of honour
حق الجار,"The neighbour's claim to safety, kindness, assistance, and non-harm. It is a religiously weighted right, not optional friendliness.",the neighbour's right
الجار الجنب,"A neighbour who is unrelated, more distant, or outside one's close circle. Qur'anic commentators differ on the exact shade of meaning, so the phrase should not be translated mechanically.",the distant neighbour
الجار ذي القربى,A neighbour who is also near through kinship or close proximity. It combines overlapping claims of neighbourhood and closeness.,near neighbour
حق الطريق,"The ethical duties governing shared public space. They include avoiding harm, returning greetings, helping others, and behaving responsibly.",road rights
كف الأذى,"Actively withholding harm from people. It includes physical, verbal, emotional, and environmental injury.",stopping annoyance
إماطة الأذى,"Removing a harmful or obstructive thing from a public path. It is treated as faith-expressing service, not sanitation alone.",removing dirt
الإحسان إلى الجار,Excellent treatment of neighbours beyond bare non-harm. It adds proactive care to the minimum duty of safety.,kindness to neighbours
قطع الرحم,Wrongfully severing family relationships that one is religiously required to maintain. The word for kinship is literally connected with the womb but functions as an idiom.,cutting the womb
الإحسان إلى الوالدين,"Treating parents with excellence, especially in weakness and old age. It includes material, verbal, and emotional care.",kindness to parents
طاعة الوالدين,Obeying parents in lawful matters within the legitimate scope of their rights. It never requires obedience in sin or surrender of every adult decision.,obeying parents
رضا الوالدين,Parents' legitimate contentment arising from dutiful treatment. It is spiritually weighty but does not make unlawful demands binding.,parental approval
دعاء الوالد,"A parent's supplication, regarded in Prophetic teaching as especially consequential. It may be for or against the child, so parents are warned against invoking harm rashly.",parental wish
حقوق الأبناء,"Children's claims to care, protection, education, justice, and compassionate upbringing. They are obligations owed by caregivers, not optional benefits.",children's rights
التسمية الحسنة,Giving a child a dignified and religiously acceptable name. It is treated as part of identity and parental responsibility.,a nice label
النفقة,"Obligatory financial maintenance owed to specified dependants. It is a legal duty with scope determined by relationship, means, and custom.",spending
الحضانة,Day-to-day care and upbringing of a child by the legally entitled caregiver. It focuses on nurturing care; it is distinct from financial guardianship.,custody
الولاية على الصغير,"Legal authority and responsibility for a minor's person or property. It is fiduciary guardianship, not possession.",guardianship of a minor
القوامة,"The husband's responsibility for maintenance, protection, and accountable leadership within the family. Interpretations differ on its scope, but it denotes duty and responsibility rather than intrinsic human superiority.",male superiority
المعاشرة بالمعروف,"Conducting married life according to recognized goodness, fairness, and kindness. The standard is shaped by revelation and sound custom.",kind marital treatment
السكن,"Repose, security, and settled companionship within marriage. It refers to emotional and relational tranquillity, not housing alone.",housing
المودة والرحمة,"Affectionate attachment and merciful care sustaining marriage. The pair joins attraction with compassionate commitment, especially when feelings fluctuate.",love and mercy
الميثاق الغليظ,"A solemn and weighty covenant; in family sermons, the binding marriage bond. ""Weighty"" expresses seriousness, not physical thickness.",thick contract
النكاح,"The legally recognized marital union or marriage contract. In some legal and textual contexts, the word can also refer to consummation.",sexual intercourse
العقد,"A binding agreement formed through offer, acceptance, and valid conditions. Its root image is tying, which explains its legal sense of contract.",knot
المهر,The obligatory marital gift owed by the husband directly to the wife. It belongs to her and is not payment for purchasing her.,bride price
الصداق,"The marital gift given to the wife as a sign of serious commitment. It is closer to ""dower"" than ""dowry"" in English usage.",dowry
الخِطبة,"A marriage proposal or engagement process before the marriage contract. With different vowel marks, the same written form can mean a formal sermon.",sermon
الرضاع,"Milk-kinship created through qualifying breastfeeding. It has legal effects on marriageability and family interaction, not only nutritional meaning.",nursing
المحرم,"A close relative whom a person is permanently forbidden to marry because of blood relationship, breastfeeding, or marriage. Temporary marriage prohibition does not by itself create mahram status.",forbidden person
غير المحرم,A person of the opposite sex who is not a mahram and is therefore legally marriageable in principle. The category is legal and does not imply unfamiliarity or untrustworthiness.,stranger
العورة,Parts of the body or areas of vulnerability that must be covered or protected in a particular legal context. The exact scope varies by person and situation.,nakedness
الستر الأسري,"Protecting family privacy and dignity while responsibly addressing wrongdoing. It does not justify concealing abuse, silencing victims, or preventing access to help.",family secrecy
الشورى الأسرية,"Consultative family decision-making that respects roles and affected members. It is principled consultation, not necessarily majority voting.",family democracy
الإصلاح بين الزوجين,"Helping spouses restore justice and workable relations. Reconciliation should not normalize violence, erase rights, or pressure someone to remain in danger.",marital reconciliation
النشوز,"Serious marital breach, defiance, or failure to fulfil core marital duties. Qur'anic and juristic discussions can apply the concept to either spouse, so context is required.",marital defiance
الهجر,"Separation, abandonment, or deliberate distancing. Its ruling depends on the cause, duration, manner, and resulting harm.",boycott
الطلاق,"Formal dissolution of marriage through a recognized legal procedure. Different forms have distinct rules concerning revocability, wording, and waiting periods.",divorce
الخلع,"A form of marital dissolution initiated by the wife, commonly involving agreed compensation. It is distinct from divorce pronounced by the husband and does not imply that freedom is being purchased as property.",wife-initiated divorce
الفسخ,Annulment or rescission of a marriage or other contract because of a legally recognized cause. It is distinct from divorce pronounced by the husband.,divorce
العدة,A prescribed waiting period after divorce or widowhood. Its length and legal purposes vary by circumstance; it is not always a mourning period.,mourning period
الرجعة,Restoration of a revocably divorced marriage during the waiting period. It has legal conditions and is not ordinary reconciliation after any divorce.,return
الميراث,"Wealth and rights transferred after death according to prescribed shares and causes. It is a legal system, not discretionary family distribution.",inheritance
التركة,"The net estate left after funeral expenses, debts, and valid bequests are addressed. It is the pool from which heirs' shares are distributed.",inheritance
الوصية,A testamentary instruction effective after death within legal limits; the same word can also mean solemn advice or counsel.,will
الوارث,A person entitled to inherit by a recognized legal cause. It does not mean every relative or named beneficiary is an heir.,successor
اليتيم,"A child whose father died before the child reached puberty. The classical legal status ends at puberty, though the person's vulnerability may continue.",orphan
كفالة اليتيم,"Sponsoring, protecting, and caring for an orphan while preserving the child's biological lineage. It differs from adoption that legally replaces parentage.",adoption
التبني,Legally attributing an adopted child as one's biological child with resulting lineage effects. This is distinct from the highly encouraged care and sponsorship of orphans.,care for an orphan
اللقيط,"A found or abandoned child whose parentage is unknown and who is entitled to protection, identity safeguards, and care. The term does not imply moral blame or proven illegitimacy.",illegitimate child
ابن السبيل,"A traveller cut off from resources and entitled to assistance. It is a Qur'anic idiom meaning ""the stranded traveller."".",son of the road
المسكين,"A person whose available resources do not adequately meet basic needs. It is an economic and legal category, not an insult meaning miserable.",miserable person
الفقير,A person lacking sufficient means. Legal schools differ on the precise comparison between this category and the closely related category of miskin.,poor person
المستضعف,"A person or group made weak through oppression, exclusion, or structural powerlessness. The passive form highlights imposed vulnerability, not inferior worth.",inherently weak
اللاجئ,"A person seeking protection after displacement from home or country. It carries duties of refuge, dignity, and aid.",fugitive
النازح,"A person displaced within or away from their locality by danger. It denotes forced internal displacement, not voluntary relocation.",migrant
الغارم,A person burdened by legitimate debt who may qualify to receive obligatory alms. It does not mean every borrower or every bankrupt person.,bankrupt person
عتق الرقبة,"Freeing an enslaved person. The phrase uses ""neck"" as a metonym for the whole human being.",freeing a neck
فك الأسير,"Securing the release of a captive or unjustly detained person. It includes ransom, negotiation, advocacy, or lawful intervention.",untie the prisoner
المواطنة,Civic membership involving reciprocal rights and responsibilities. It is a modern legal and social concept and should not be confused with ethnic nationalism.,nationalism
أهل الذمة,A historical legal category for non-Muslim subjects protected by a covenant under a Muslim polity. The term belongs to a particular juristic and historical framework and should be explained rather than equated with modern citizenship.,protected non-Muslim citizens
المعاهد,A non-Muslim person or party protected by a treaty or covenant. Their safety and rights arise from the binding agreement.,ally
المستأمن,"A person granted temporary security and protected entry. The grant of safety creates legal inviolability, not mere hospitality.",foreigner
الأمان,"A binding grant or pledge of safety and non-aggression. In legal usage, it creates enforceable protection rather than only a feeling of security.",safety
التعايش,Living peacefully with people of different identities or beliefs while protecting mutual rights. It does not require theological agreement.,coexistence
التعارف,Coming to know and recognize one another across peoples and groups in a way that supports cooperation and rejects contemptuous hierarchy.,acquaintance
التسامح,Forbearing and gracious treatment that allows lawful difference. It does not mean declaring all beliefs identical or abandoning justice.,tolerance
حفظ النظام العام,"Protecting the shared public order necessary for safety, rights, and social functioning. Public order remains subject to justice and lawful limits.",preserving public order
المصلحة العامة,"The genuine welfare of the community as a whole. It is not automatically identical to the preference of rulers, majorities, or the state.",state interest
المال العام,Property held for the community and administered as a public trust. It is not the private property of officeholders or government employees.,government money
العرف,"A recurrent social custom that Islamic law may consider when it is established, relevant, and not contrary to revelation. An occasional or corrupt habit does not qualify.",tradition
الحكم الشرعي,"The religious legal classification attached to an act or situation, such as obligatory, recommended, permissible, disliked, or forbidden. It is a technical ruling, not a personal opinion.",religious judgment
القضاء الشرعي,"Binding adjudication of disputes by an authorized judge applying Islamic legal principles. Here ""qada"" means judicial judgment, not divine destiny.",religious fate
القاضي,"An authorized judge whose ruling resolves a litigated dispute within their jurisdiction. The role is judicial, not simply scholarly.",religious scholar
المجتهد,"A scholar qualified to derive legal rulings through disciplined interpretation of evidence. The title requires extensive competence, not personal independence of thought alone.",independent jurist
المذهب,"A coherent school of legal interpretation, principles, and accumulated juristic reasoning. It ordinarily means a school of law, not a religious sect.",sect
أصول الفقه,The principles and methods governing how Islamic legal rulings are derived and how evidence is evaluated. It is not a list of elementary rules.,principles of jurisprudence
الفروع,Derived practical rulings and subsidiary legal questions. They are applications distinguished from foundational creed and from the principles used to derive law.,branches
النص,"Authoritative textual wording; in legal theory, it can also mean wording whose indication is especially clear. Written passages can differ in their degree of decisiveness.",text
الظاهر,"The meaning most immediately indicated by wording while remaining open to reinterpretation when stronger evidence requires it. It is a technical level of textual indication, not superficial reading.",apparent
المؤول,Wording interpreted away from its more apparent sense because of valid evidence. The interpretation is evidence-based and need not always be figurative.,allegorical
المجمل,Wording whose intended detail is not independently clear and therefore requires explanation. It does not simply mean a concise summary.,summary
المبين,"A text or explanation that clarifies wording that was general, compressed, or uncertain. In legal theory, it means clarified rather than merely obvious.",obvious
العام,"Wording that encompasses all members of a class unless qualified. It is a technical scope category, not merely vague language.",general
الخاص,"Wording restricted to particular members or cases. It means legally specific, not confidential.",private
المطلق,"An unqualified expression referring to an instance without a limiting attribute. It is a technical semantic category, not necessarily metaphysical absoluteness.",absolute
المقيد,"An expression limited by a stated quality, condition, or circumstance. It is read with related evidence according to methodological rules.",restricted
الإجماع,"The authoritative agreement of qualified Muslim scholars on a religious ruling, according to the technical conditions accepted in legal theory. It is not an opinion poll or simple majority.",consensus
القياس,"Extending a known legal ruling to a new case because both share the same effective legal cause. It is structured juristic analogy, not loose resemblance.",analogy
العلة,The legally operative attribute because of which a ruling applies. It is distinct from the broader wisdom or benefit served by the ruling.,cause
الحكمة التشريعية,"The benefit, purpose, or wise consideration served by a legal ruling. It may explain a rule without being the exact legal trigger for applying it.",legal philosophy
المقاصد,"The higher objectives and purposes protected and advanced by Islamic law. They are systemic goals, not an individual's private intention.",intentions
الضروريات,"The indispensable interests whose loss gravely damages religious and human life. In maqasid theory, they commonly include religion, life, intellect, family or lineage, and property.",necessities
الحاجيات,Needs that remove substantial hardship without reaching the level of indispensable necessity. They form a technical middle category between necessities and refinements.,needs
التحسينيات,"Refinements that complete dignity, ethics, cleanliness, and social beauty. They are not trivial luxuries, even though they rank below necessities and major needs.",improvements
المصلحة,A genuine benefit recognized by revelation and sound reason. It does not mean private advantage or whatever appears useful in the short term.,interest
المصلحة المرسلة,"A public benefit not specifically affirmed or rejected by a text but consistent with the objectives of Islamic law. Jurists use it under disciplined conditions, not to override revelation.",unrestricted public interest
الاستحسان,"Preferring a stronger equitable or evidentiary consideration over an otherwise applicable analogy. It is a technical legal method, not choosing what feels pleasant.",juristic preference
الاستصحاب,Presuming that an established state continues until evidence proves a change. Examples include the presumption of innocence or continued ritual purity.,continuity
البراءة الأصلية,"The presumption that no obligation or liability exists without evidence. It concerns legal burden, not a claim that a person is morally perfect.",original innocence
اليقين لا يزول بالشك,"An established certainty is not removed by later mere doubt. This legal maxim applies widely in worship, transactions, and evidence.",certainty is not removed by doubt
المشقة تجلب التيسير,Recognized excessive hardship can activate lawful ease or concession. Ordinary inconvenience does not automatically change a ruling.,hardship brings ease
الضرر يزال,Legally recognized harm should be prevented or removed through a proportionate remedy. Harm may not be removed by causing an equal or greater harm.,harm disappears
لا ضرر ولا ضرار,Neither initiating wrongful harm nor responding with wrongful harm is permitted. It is a foundational legal and ethical maxim.,no harm
العادة محكمة,"Sound and established custom can guide legal interpretation where revelation leaves room. The custom must be prevalent, relevant, and not contrary to a religious rule.",habit is a judge
الأمور بمقاصدها,Acts are legally evaluated according to their purposes and intentions. A good intention does not make a prohibited means lawful.,acts are judged by intentions
الرخصة,"A lawful concession granted because of a recognized excuse such as illness, travel, or hardship. It is part of the law, not evasion or weaker faith.",permission
العزيمة,"The normal primary ruling that applies when no exceptional excuse is present. Here the word is a legal category, not determination or willpower.",determination
الفرض,A binding religious obligation. Some schools distinguish technically between this category and wajib; the word can also mean an assigned share or measured duty.,obligation
المندوب,An act rewarded when performed but not sinful when omitted. It is a technical category for recommended conduct.,recommended
السنة المؤكدة,"A Prophetic practice consistently maintained and therefore strongly emphasized, though not generally obligatory. It is a legal devotional category, not merely a historically confirmed tradition.",emphasized Sunnah
المشتبهات,"Matters whose lawful or unlawful status is unclear to many people. Avoiding them may protect faith and reputation, but uncertainty alone does not make an act forbidden.",suspicious things
الاحتياط الفقهي,Choosing a legally safer course when credible uncertainty remains. Precaution is not always obligatory and should not create baseless hardship.,precaution
رفع التكليف,The absence or cessation of religious legal responsibility because a recognized condition is missing or an excuse applies. It does not refer to employment duties.,lifting assignment
المكلف,"A person who is legally accountable because the relevant conditions, such as maturity and sound intellect, are present.",assigned person
الأهلية,"Legal capacity to possess rights, bear obligations, and perform valid legal acts. It has degrees and is not identical to everyday intelligence or skill.",competence
القصد,A deliberate aim or direction of the will. It overlaps with intention but may be broader and more directly connected with action.,intention
التعدي,Crossing a lawful limit or exceeding the permission given. It can create legal liability even without malicious intent.,assault
التفريط,"Culpable neglect or failure to meet a required standard of care. It is blameworthy underperformance, not merely an imperfect result.",negligence
الضمان,"Legal liability to compensate for damage, loss, or an obligation; in other contexts, a guarantee or surety. The exact sense depends on the transaction.",guarantee
الحق,"Truth, a valid claim, an entitlement, or an established reality. Because the word is highly polysemous, divine truth and a person's legal right require different English renderings.",right
الباطل,"What lacks valid foundation, contradicts truth, or is legally void. It can describe a belief, argument, act of worship, or contract.",false
الصحة,"Legal validity, meaning that an act or contract fulfils its required conditions and produces its intended legal effects. It does not mean physical health.",health
البطلان,"Legal invalidity that prevents an act or contract from producing its intended effects. It is a technical status, not simply moral falsehood.",falsehood
الفساد العقدي,"A defect that makes a contract irregular or invalid, with the exact distinction varying by legal school. Here ""corruption"" is a technical contract status.",corruption
السبب,"A legally recognized event or attribute that triggers a ruling, such as sunset triggering the time for prayer. It is more precise than an ordinary reason.",reason
المانع,"A factor whose presence prevents a ruling from applying even though its cause exists. It is a legal impediment, not necessarily a physical obstacle.",obstacle
البيع,A valid commercial exchange of property or value. Islamic law defines its essential elements and conditions; it does not mean every transfer.,sale
الإجارة,A contract exchanging payment for a defined service or benefit. It includes leases and many service or employment arrangements.,rent
القرض,Transfer of fungible property to another person who must repay an equivalent amount or quantity. A stipulated gain may turn the transaction into prohibited usury or interest.,loan
الدين المالي,"A financial obligation recorded against a person's liability. Without vowel marks, the Arabic spelling is identical to a different word meaning religion.",religion
الرهن,Property held as security for a debt. It functions as collateral and does not necessarily transfer ownership or refer only to real estate.,mortgage
الشركة,"A partnership based on shared ownership, capital, labour, or profit. It is broader than the modern corporate company.",company
الغرر,Excessive uncertainty in a contract that creates unfair exposure to dispute or loss. Islamic law does not prohibit every uncertainty or ordinary business risk.,risk
الجهالة,"Material lack of knowledge about a contract's subject, price, quantity, or terms. Here it means legally relevant uncertainty, not general ignorance.",ignorance
الخيار,"A contractual option allowing a party to confirm or cancel a transaction under defined grounds or within a stated period. It is a technical right, not preference alone.",choice
النصاب,"The minimum amount of qualifying wealth that triggers certain obligatory alms. In this context it is a financial threshold, not a quorum.",quorum
الحول,Completion of a lunar year for forms of wealth where a holding period is required before obligatory alms become due. The word has other meanings outside this context.,year
العشر,A one-tenth agricultural levy in specified circumstances. Irrigation method and legal details can affect the applicable rate.,ten
زكاة الفطر,"The prescribed charity given at the end of Ramadan for eligible household members, traditionally in staple food and, according to some jurists, its monetary value. It supports the needy before Eid prayer.",festival charity
الصدقة الجارية,"Charity whose benefit and reward continue over time, such as an enduring service or asset. Continuity comes from lasting benefit, not repeated payment alone.",continuous charity
الوقف,Permanently dedicating an asset's benefit to a lawful charitable or family purpose while preserving the underlying asset. Its disposal is restricted by the endowment terms.,endowment
الواقف,"The person who establishes an endowment. It is a technical donor role, not a person who is standing.",one who stops
الموقوف عليه,"The person, group, or purpose designated to receive the benefit of an endowment. A literal translation such as ""the stopped-upon"" is unintelligible.",the stopped-upon
الوقف الأهلي,"A family endowment established for descendants or designated relatives. It is a recognized type of endowment, not ordinary inheritance distribution.",private charity
الوقف الخيري,An endowment dedicated to public or charitable benefit. The underlying asset is normally preserved while its income or use is distributed.,charity fund
بيت المال,"The public treasury holding communal revenue and funding public needs as a trust. It is an institution of public finance, not a private storehouse.",house of money
الفيء,Property or revenue acquired by a classical Muslim polity without direct battle and distributed under specific legal rules. It is distinct from ordinary war booty.,spoils
الغنيمة,"Property acquired in lawful armed conflict under recognized public authority in classical Islamic law. It is a regulated historical category, not permission for private plunder.",loot
الخراج,"A historical land-based public revenue imposed under defined legal rules. It is a specific fiscal category, not a general word for all taxation.",tax
الجزية,"A historical payment imposed within particular protection and exemption arrangements under a Muslim polity. It belongs to a specific classical legal system and should not be reduced to the word ""tribute."".",tribute
الأمانة المالية,"Fiduciary responsibility for wealth belonging to another person or the public. It requires preservation, disclosure, and use only within authorized limits.",financial honesty
الاستخلاف في المال,Understanding human ownership as delegated stewardship under Allah's ultimate ownership. It places moral limits and accountability on the use of wealth.,stewardship of wealth
الكسب الطيب,"Lawful and ethically sound earning free from prohibited means and harm. The word ""wholesome"" adds integrity and benefit beyond formal legality.",good income
الإنفاق,"Spending wealth for dependants, personal needs, public benefit, or worship according to proper priorities. In sermon context, it often carries a devotional meaning.",expenditure
القوام,"A sufficient and balanced level of spending that maintains life without waste or deprivation. Here the word means proper proportion, not standing posture.",standing
ترشيد الاستهلاك,Managing consumption wisely according to genuine need and avoiding waste. It does not necessarily mean austerity or rationing.,rationing
التنمية,"Growth that develops resources, human capacity, and social welfare. In Islamic discourse, it is expected to remain ethically responsible and just.",development
التكسب,Actively seeking lawful livelihood. The word describes earning effort and does not automatically imply profiteering or greed.,profiteering
التعفف,Preserving dignity by refraining from begging or unlawful gain despite need. It does not require hiding genuine need from legitimate sources of support.,abstinence
الأجل,"An appointed term or fixed endpoint for a life, event, debt, or community. Context determines whether it means lifespan, due date, or contractual period.",deadline
سكرات الموت,The intense distress and altered state accompanying the approach of death. The expression uses the image of intoxication but does not refer to a substance.,agonies of death
الاحتضار,The final stage in which death is approaching. It is a bedside condition associated with particular devotional and pastoral practices.,dying
التلقين,"Gently prompting a dying Muslim to say the testimony of faith; in other contexts, teaching or prompting a doctrine. At the deathbed it should not mean coercive repetition.",indoctrination
حسن الخاتمة,"An end to life marked by faith and obedience and hoped-for signs of Allah's favour. It concerns the final spiritual state, not a painless or socially successful death.",happy ending
سوء الخاتمة,An end to life marked by unbelief or grave disobedience. The final standing of a particular person should not be asserted without sound evidence.,bad ending
الوفاة,Death understood as Allah taking the soul; related Qur'anic forms can also refer to taking the soul during sleep. The context determines whether permanent death is intended.,death
قبض الروح,"The soul being taken from the body at the appointed time of death. It is a theological expression, not a physiological explanation.",seizing the spirit
الروح,"The created spirit associated with life, whose full reality is known to Allah. Depending on context, the word can also refer to revelation, Gabriel, or spiritual support and is not always identical to the accountable self or soul.",soul
النفس,"The self or soul as the accountable person, with different moral states. It can mean the person, life, soul, or appetitive self, so ""ego"" is too narrow.",ego
النفس الأمارة,"The self insofar as it repeatedly urges a person toward wrongdoing. It describes a moral tendency, not a separate being inside the person.",commanding soul
النفس اللوامة,"The self that reproaches itself and awakens moral accountability. It can describe conscience and inner struggle, not pathological self-hatred.",blaming soul
النفس المطمئنة,"The self made tranquil through faith, remembrance, and trust in Allah. Its tranquillity is spiritual settlement, not the absence of all sorrow.",comfortable soul
البرزخ,The intermediate realm or barrier between death and resurrection. It has a distinct Islamic meaning and should not be treated as identical to Christian purgatory.,purgatory
عالم البرزخ,"The mode of existence between death and resurrection. It is a theological realm or state, not a geographical world.",world of barriers
القبر,"The physical grave and, by extension, a person's condition in the intermediate state before resurrection. Sermons may use it even when there is no conventional burial.",tomb
نعيم القبر,"Comfort and divine favour granted in the intermediate state after death. It refers to an unseen condition, not physical luxury inside the soil.",grave pleasure
عذاب القبر,Punishment in the intermediate state for those liable to it. It is an unseen theological doctrine and should not be reduced to sensational physical imagery.,grave torture
فتنة القبر,"The questioning and test associated with the grave after death. Here the word means examination, not worldly temptation or civil conflict.",trial of the grave
سؤال الملكين,"The questioning by two angels in the intermediate state. The Arabic word means two angels, not two kings.",questioning by the two angels
منكر ونكير,The traditional proper names of the two angels associated with questioning in the grave. They should not be translated as ordinary adjectives.,Munkar and Nakir
البعث,"Allah's raising the dead to life for judgment. Although the word can mean sending, in eschatological context it means resurrection.",mission
النشور,"The dead rising and spreading forth after resurrection. In this context the word means emergence to judgment, not publication.",publication
الساعة,"The appointed Hour when the present world ends and resurrection begins. It is an eschatological proper expression, not a sixty-minute period.",clock
أشراط الساعة,"The signs indicating the approach of the Last Hour. Here the word means signs or markers, not legal conditions.",signs of the Hour
علامات الساعة,"Events and conditions regarded as signs of the Last Hour. Reports differ in authenticity and interpretation, so individual claims require care.",time indicators
النفخ في الصور,"The angelic blowing of the Trumpet that begins the cosmic events of death and resurrection. In this context, the Arabic word means the Trumpet, not images.",blowing the Trumpet
الصور,"The eschatological Trumpet blown by the angel. Without vowel marks, the written word is easily confused with another word meaning pictures or forms.",images
الصعق,"Overwhelming collapse, loss of consciousness, or death caused by the cosmic blast. It does not specifically mean electric shock.",electrocution
الحشر,"The gathering of all creation for judgment. It is a divinely compelled universal assembly, not an ordinary crowd.",crowding
المحشر,"The place or condition in which all creation is gathered for judgment. It is an eschatological setting, not merely a crowd.",crowd
الموقف,The great standing and overwhelming situation before Allah on the Day of Judgment. Here the word means more than an ordinary position or viewpoint.,position
أرض المحشر,"The transformed ground upon which creation is gathered. It is an eschatological expression, not a present geographic site.",land of the crowd
العرض,"The presentation of a person and their record before Allah for review. In eschatological context, it means exposure to judgment, not a performance or commercial offer.",display
المناقشة,"Detailed and exacting examination of a person's account. In hadith language, it means rigorous questioning, not an ordinary discussion.",discussion
الحساب اليسير,A merciful presentation of the record without exacting interrogation. It does not mean that the person performed only a small number of deeds.,simple calculation
الجزاء,"The fitting return for an action, whether reward or punishment. The word can be positive or negative and does not mean penalty alone.",penalty
الثواب,"Divine reward for faithful intention and action. It is recompense granted by Allah, not an independently earned wage.",compensation
العقاب,"A punitive consequence for culpable wrongdoing. It denotes just accountability, not uncontrolled revenge.",revenge
صحيفة الأعمال,The written record of a person's deeds. The word for sheet or record should not be translated as a modern newspaper.,work newspaper
تطاير الصحف,"The distribution or flying forth of deed records to their recipients. It is a traditional eschatological image, not newspapers flying.",newspapers flying
أصحاب اليمين,Those who receive their records in the right hand and attain salvation. The expression has no connection to modern right-wing politics.,right-wing people
أصحاب الشمال,Those associated with receiving their records in the left hand and with loss. The expression has no connection to left-wing politics.,left-wing people
وراء الظهر,"Receiving one's record from behind the back as a sign of ruin. It is an eschatological image, not an idiom for secrecy.",behind the back
الموازين القسط,The perfectly just scales established for judgment. The qualifying word emphasizes that the weighing contains no injustice.,balanced balances
ثقل الموازين,"The saving weight of good deeds in the scales. In this eschatological image, heaviness is favourable rather than burdensome.",heavy weight
خفة الموازين,"The ruinous lack of weight in the scale of good deeds. In this eschatological image, lightness is unfavourable.",lightness
الورود,"Coming to or passing by a place; in eschatological discussion, approaching Hell. Scholars differ on whether particular passages imply entry or only passage, so context matters.",arrival
الحوض,"The Prophet's basin from which members of his community will drink before entering Paradise. It is a specific eschatological gift, not an ordinary pool.",pool
الكوثر,"Abundant divine good and, specifically, a river or basin granted to the Prophet. The word has both a broad lexical meaning and a particular eschatological referent.",abundance
الشفاعة الكبرى,"The Prophet's great intercession for judgment to begin after creation has waited in distress. It is a specific eschatological station, not generic advocacy.",great mediation
المقام المحمود,"The praised station promised to the Prophet, commonly associated with the great intercession. Here ""station"" refers to rank and honour, not only location.",praiseworthy place
الفردوس,The highest or most excellent garden of Paradise. The word can refer specifically to Paradise's highest level rather than any pleasant garden.,paradise
دار السلام,"The abode of complete peace, safety, and wholeness, a Qur'anic name for Paradise. It is not an earthly building.",house of peace
دار المقامة,The permanent abode whose inhabitants no longer depart or suffer exhaustion. The name emphasizes settled and lasting residence.,house of residence
جنات عدن,"Gardens of permanent residence in Paradise. The word ""Adn"" emphasizes abiding and should not automatically import every association of the Biblical Eden.",gardens of Eden
النعيم,"Complete and lasting well-being and delight free from corruption. It includes comprehensive flourishing, not sensory pleasure alone.",pleasure
الرضوان,"Allah's supreme approval and favour. In Qur'anic sermon context, it means divine good pleasure.",satisfaction
رؤية الله,"The eschatological doctrine, affirmed in Sunni theology, that believers will see Allah in the Hereafter without defining how or imagining a form.",vision of God
الخلود,"Unending or extremely prolonged abiding, with the exact duration determined by context. In statements about the final abodes, it commonly means everlasting residence.",immortality
الدرجات,"Ascending ranks of reward corresponding to faith and deeds. They are spiritual levels, not academic grades.",degrees
الغرف,"Elevated chambers or dwellings in Paradise. It conveys honoured high residences, not ordinary bedrooms.",rooms
الحور العين,"Beautiful and purified companions of Paradise, described with striking eyes. The common rendering ""virgins"" is reductive and does not capture the full expression.",virgins
الولدان المخلدون,Ever-youthful attendants serving the people of Paradise. The description concerns service and perpetual youth and carries no sexual implication.,immortal boys
السندس,Fine and delicate silk garments of Paradise. The Arabic name may be retained to preserve the specific Qur'anic image.,brocade
الإستبرق,"Thick and rich silk brocade associated with Paradise, contrasted with the finer silk called sundus.",silk
الرحيق المختوم,"A pure, sealed drink of Paradise protected from contamination and harm. It should not be equated with harmful worldly intoxicants.",sealed wine
التسنيم,"A named, elevated spring in Paradise from which those brought nearest to Allah drink. It is a proper eschatological name, not generic water.",a fountain
السلسبيل,"A named spring in Paradise characterized by pleasant flow and ease of drinking. It is not simply ""ginger water."".",ginger water
الزنجبيل,Ginger or a ginger-like flavour mentioned in a drink of Paradise. The unseen reality should not be assumed to be identical in every respect to the worldly ingredient.,ginger
جهنم,"A principal Qur'anic proper name for Hell. Literary substitutes such as ""inferno"" do not carry its full religious associations.",inferno
الجحيم,"A blazing and intensely kindled fire, also used as a name or description of Hell.",hell
السعير,A fiercely flaring and continually kindled fire. It can name Hell or describe the intensity of its burning.,blaze
سقر,A Qur'anic proper name for Hell associated with scorching punishment. It should not be treated as an ordinary word for fire.,hellfire
لظى,"A leaping, skin-searing flame and a Qur'anic name of Hell. It is more specific than fire in general.",flame
الحطمة,"The crushing Fire, a Qur'anic name whose root conveys breaking and destroying what is cast into it.",crusher
الهاوية,"A plunging abyss and a Qur'anic name for a destination in Hell. The word evokes falling into great depth, not emptiness alone.",pit
السموم,"Penetrating scorching heat or wind. In this eschatological context, it does not mean a chemical poison.",poison
الحميم,Scalding liquid of extreme heat used as punishment. The same word can mean a close friend in a different context.,intimate friend
الغساق,"A foul punishment-fluid described by commentators as intensely cold, putrid, or otherwise tormenting. Because explanations vary, the Arabic name may be retained.",boiling water
الزقوم,"The accursed tree whose food is punishment for the people of Hell. It is a proper eschatological name, not a securely identifiable worldly plant.",a plant
الضريع,A thorny or noxious food of Hell that neither nourishes nor satisfies. It cannot be confidently identified with one modern plant.,dry grass
السلاسل,Chains used in eschatological punishment. In this context the word does not mean sequences or series.,series
الأغلال,"Iron collars, fetters, or shackles fastening the condemned. In other contexts, the same word can metaphorically mean rancour.",resentments
المقامع,Iron clubs or maces used in punishment. The uncommon plural is easily mistranslated as suppressors or restraints.,suppressors
الدركات,"Descending levels of punishment, especially in Hell. The word contrasts with darajat, which commonly refers to ascending ranks.",steps
الخزي,Humiliating disgrace exposed before others as a consequence of wrongdoing. It is not healthy remorse or modest shame.,shame
الحسرة,Piercing regret over an opportunity that can no longer be recovered. It is intensified by finality and is stronger than ordinary sadness.,sadness
الندامة,Regret that recognizes the ugliness and consequence of one's act. It can ground repentance in life but becomes futile after final judgment.,remorse
الويل,"A formula expressing severe woe, ruin, or threatened destruction. It should not automatically be translated as the name of a valley in Hell.",valley in Hell
الثبور,"A cry for destruction or annihilation when punishment becomes unbearable. It expresses desperate ruin, even though annihilation will not follow.",woe
الخلود في النار,Everlasting residence in Hell for those to whom revelation assigns it. The phrase should not be generalized to particular individuals without the relevant theological grounds.,long imprisonment
الأعراف,"The elevated partition or heights between Paradise and Hell described in the Qur'an. It is a proper eschatological place, not social customs.",customs
أصحاب الأعراف,People associated with the heights who recognize other groups by their marks. Qur'anic commentators differ about their precise identity.,people of customs
الوعد,"Allah's assured promise of good for faith and obedience. A divine promise is certain and truthful, not a prediction.",promise
الوعيد,"A solemn divine warning of punishment for wrongdoing. Repentance, forgiveness, and stated conditions may affect its application.",threat
النجاة,"Deliverance from punishment and destructive consequences. In religious sermons, it usually means moral and eschatological rescue, not physical survival alone.",survival
الفوز,"Attaining the desired divine reward while being saved from what is feared. It is ultimate success, not victory over competitors.",winning
الفوز العظيم,The supreme attainment of Allah's approval and Paradise. It is not primarily military or electoral.,great victory
المآب,The final place or condition to which a person returns. It emphasizes return to Allah and the ultimate abode.,destination
المرجع,"The inevitable return of all people and affairs to Allah. Here the word means destination or return, not a citation source.",reference
المصير,The final outcome and destination toward which one's course leads. It connects conduct with its end and does not mean blind fate.,fate
النبي,"A human chosen by Allah to receive revelation and guide people. A prophet is not a fortune-teller, and prophethood is divinely granted rather than acquired.",prophet
الرسول,"A messenger commissioned by Allah to convey revelation. The word can refer to a human or angelic messenger, depending on context.",apostle
النبوة,"The divinely granted office and reality of prophethood. It concerns revelation and religious mission, not prediction of future events.",prediction
الرسالة,"The divinely entrusted message and mission carried by a messenger. In ordinary language, the same word can mean a letter or treatise.",letter
خاتم النبيين,"The final Prophet, after whom no prophet will arise. The expression conveys both finality and completion, not merely a decorative seal.",seal of prophets
المصطفى,"The one specially chosen, commonly used as an epithet for Prophet Muhammad. It means ""the chosen one,"" not ""the purified one."".",the purified one
المجتبى,The one specially selected and drawn near by Allah. It is a devotional epithet expressing divine choice.,the collector
الحبيب,"The beloved one; in devotional speech, an epithet for the Prophet. It means the one who is loved, not a romantic partner.",lover
البشير,The messenger who brings hope-giving good news. It is a prophetic function balanced by warning.,announcer
النذير,"The messenger who gives timely warning before accountability. The warning is intended to allow repentance and change, not merely to threaten.",threatener
السراج المنير,"An illuminating lamp that spreads guidance, a Qur'anic description of the Prophet. It is a metaphor for guidance and does not imply divinity.",bright lamp
الأسوة,"A model whose conduct is consciously followed. It is an embodied pattern for imitation, not an isolated example.",example
القدوة,A person or pattern taken as a practical moral model. It emphasizes imitation through conduct rather than formal authority.,leader
السيرة,"The Prophet's lived biography, conduct, and historical mission. It is a formative religious field of study, not chronology alone.",biography
الشمائل,"The Prophet's physical appearance, habits, temperament, and noble character. It is also the name of a devotional literary genre.",features
الدلائل,"The signs and evidences demonstrating prophethood, including miracles, fulfilled reports, character, and historical proof.",indicators
المعجزة,An extraordinary sign granted by Allah to a prophet as confirmation of the prophetic mission. The prophet does not possess the power independently.,miracle
الإرهاص,An extraordinary sign occurring before a prophet's mission as preparation for it. It is distinct from a miracle granted after the prophetic mission begins.,premonition
الكرامة الخارقة,An extraordinary occurrence granted by Allah to a righteous servant without a claim to prophethood. It does not establish new law or prove every claim made by the recipient.,miracle
العصمة,"Allah's protection of prophets from error or sin in the respects defined by theology. Religious schools differ on its precise scope, and it does not mean prophets cease to be human.",infallibility
التبليغ,"Faithfully conveying revelation without concealment or alteration. It is a prophetic duty and, more broadly, a responsibility of careful religious transmission.",broadcasting
الأمانة النبوية,The Prophet's complete trustworthiness in conveying revelation and fulfilling every entrusted duty. It is broader than simply not lying.,honesty
الفطانة,"Penetrating intelligence and sound judgment, classically affirmed as a prophetic quality. It means wise acuity, not cunning.",cleverness
الصدق النبوي,"The Prophet's complete truthfulness in conveying revelation from Allah. It concerns correspondence with truth, not merely sincerity of intention.",sincerity
الحديث,"A transmitted report about the Prophet's words, actions, approvals, or attributes. Calling a report ""hadith"" identifies its genre, not its level of authenticity.",conversation
الخبر,"A transmitted report. In hadith theory, some scholars use it as a synonym of hadith while others apply it more broadly to reports about the Prophet and others.",news
السند,"The chain of transmitters supporting a report. In hadith studies, it is a technical transmission chain, not general support.",support
المتن,The wording and content of a hadith reached after the chain of transmitters. It is the textual body of the report.,solid
الراوي,"A person who transmits a report from a source. It carries responsibility for exact transmission, not fictional storytelling.",narrator
التخريج,Tracing a hadith to its source collections and routes of transmission. The process may also include discussion of authenticity and variant wording.,graduation
الصحة الحديثية,A hadith's fulfilment of defined conditions for reliable attribution. Technical authenticity concerns the report's transmission and does not settle every interpretation drawn from it.,truth
الصحيح,"A hadith with a connected chain of upright and accurate transmitters, free from decisive irregularity and hidden defect. It is a technical grade, not a claim that every interpretation is undisputed.",correct
الحسن,"An acceptable hadith whose transmitters' precision is generally below the highest authentic grade. The word is a technical classification, not aesthetic praise.",good
الضعيف,A report that fails one or more conditions of accepted authenticity. Weak reports have different degrees and are not automatically fabricated.,weak
الموضوع,"A fabricated report falsely attributed to the Prophet. In ordinary Arabic the same word means ""subject"" or ""topic,"" so context is essential.",topic
المتواتر,"A report transmitted through so many independent routes that deliberate collusion on fabrication is considered impossible. Under its technical conditions, it conveys the highest level of transmission certainty.",frequent
الآحاد,A report that does not reach the threshold of mass transmission. It may have several chains and be authentic; the term does not mean only one narrator.,singular
المشهور,"A report that is widely transmitted or well known, with technical definitions varying between hadith scholars. Popular circulation alone does not establish authenticity.",famous
الصحابي,"A person who met the Prophet as a believer and died as a Muslim, according to the standard technical definition. It is a defined historical category, not merely a close friend.",disciple
الصحابة,The Companions collectively: the first believing generation who met and followed the Prophet. The word carries historical and religious significance beyond ordinary companionship.,companions
التابعي,"A Muslim who met one or more Companions but did not meet the Prophet, under the technical definition. The word names the second generation, not any follower.",follower
تابع التابعي,A member of the generation that learned from the Successors. It is a technical classification of the third early Muslim generation.,follower of the Successors
السلف,"The exemplary early Muslim generations, especially the Companions and their immediate successors. It does not mean every ancestor or predecessor.",ancestors
الخلف,Later generations who succeeded the early Muslims. The word can be neutral or carry positive or negative connotations depending on context and vocalization.,successors
القرون المفضلة,"The earliest Muslim generations praised in Prophetic tradition. Here ""qurun"" means generations, not necessarily exact hundred-year centuries.",the best generations
الخلافة,"Succession in communal leadership and stewardship after the Prophet. The word has theological, historical, and political senses that should not be collapsed into one modern model.",caliphate
الخليفة,"A successor, steward, or historical head of the Muslim polity. It should not automatically be translated ""God's deputy,"" because the implied predecessor and theological meaning vary.",deputy of God
الإمام,"A person placed in front as a prayer leader, scholar, model, or ruler. The word does not by default imply a priestly or sacramental office.",priest
أمير المؤمنين,"A historical title meaning the recognized leader or commander of the believers. The word ""amir"" does not necessarily mean a hereditary prince.",Commander of the Believers
البيعة,"A solemn pledge of allegiance and lawful obedience to a recognized leader. It is a covenantal political-religious commitment, not simply a modern vote.",vote
الطاعة في المعروف,Obedience to human authority only in what is recognized as lawful and right. The expression explicitly excludes obedience in sin.,obedience in what is right
النصيحة للأئمة,"Sincere counsel and concern for the rectitude of leaders. Depending on context, ""leaders"" may mean rulers, religious authorities, or prayer leaders.",sincere counsel to leaders
الجهاد,Strenuous effort in Allah's cause. The word is broader than warfare; in legal contexts it can include regulated armed struggle subject to authority and ethical rules.,holy war
القتال,Actual armed fighting. It is the direct word for combat and should not be treated as synonymous with every form of striving in Allah's cause.,jihad
الرباط,"Vigilant service at a frontier and, by extension, sustained readiness in worship and duty. It has both historical military and devotional meanings.",bond
الشهادة في سبيل الله,Death in circumstances regarded by Islamic law as martyrdom while sincerely serving Allah's cause. The status is not self-declared and cannot justify harming protected people.,suicide attack
دار الإسلام,"A classical juristic designation for territory under Muslim rule, security, or legal authority. Definitions varied historically and should not be mapped mechanically onto modern borders.",muslim country
دار الحرب,A classical juristic category for territory lacking treaty relations or Muslim legal security. It is not a timeless label for every non-Muslim-majority society.,abode of war
دار العهد,A territory or polity linked to Muslim authority by treaty or covenant. It is a historical legal category centred on the binding force of agreement.,allied country
الهدنة,"A temporary cessation of hostilities established by agreement. It is a binding truce, not a deceptive pause.",truce
الصلح النبوي,"Reconciliation or treaty-making following Prophetic principles to secure justice, reduce harm, and preserve legitimate interests. It can involve strategic patience without abandoning principle.",compromise
فتح مكة,"The Muslim entry into Mecca, marked by victory, broad amnesty, and restoration of the sanctuary. The word ""opening"" can better convey its religious meaning than conquest alone.",conquest of Mecca
الهجرة,"Leaving a place or condition for the sake of faith; specifically, the Prophet's migration from Mecca to Medina. It can have historical, legal, or moral meanings.",immigration
المهاجر,"A person who leaves home for Allah and to protect or practise faith. In early Islamic history, it especially refers to the Emigrants from Mecca.",migrant
الأنصار,"The Medinan Muslims who supported the Prophet and the Emigrants. It is a proper historical title, not a generic word for volunteers.",helpers
المؤاخاة,"Establishing bonds of brotherhood and mutual support, especially between the Emigrants and Helpers in Medina. It was a structured form of social integration.",fraternization
الفتح,"An opening granted by Allah, which can mean victory, judgment, access, relief, or spiritual insight. ""Conquest"" is only one possible rendering.",conquest
النصر,"Effective help and support, especially divine aid that enables truth and its people to prevail. It does not necessarily mean military victory.",victory
التمكين,"Being established with security, authority, and practical capacity to fulfil responsibility. It means accountable stewardship, not domination for its own sake.",empowerment
الاستخلاف,"Being made successors or stewards entrusted with responsibility on earth. It denotes succession and trust, not replacing God.",vicegerency
خطبة الجمعة,"The formal two-part Friday sermon delivered before the congregational prayer. It is an act of worship with legal conditions, not an ordinary lecture.",friday speech
الخطيب,The person entrusted to deliver a formal sermon or public address. The role carries ritual and moral responsibility but does not necessarily imply ordained clergy.,preacher
المقدمة,"The opening section that prepares the sermon's theme. In classical khutbah it often includes praise, testimony, and blessings.",introduction
خطبة الحاجة,"A transmitted opening formula that praises Allah, seeks His help, and recites verses about taqwa. It is used before sermons, speeches, and some contracts, not only when discussing personal needs.",sermon of need
الاسترجاع,"Saying ""Indeed we belong to Allah, and to Him we return,"" especially after a loss. It is a declaration of belonging, mortality, and return, not retrieval.",retrieval
أما بعد,"A classical transition meaning ""to proceed"" or ""as for what follows,"" moving from the sermon's opening praise to the main subject.",but after
أوصيكم ونفسي,"I counsel you and myself, a sermon formula acknowledging that the preacher shares the listeners' accountability. Here the word means earnest counsel, not a legal testament.",I advise you and myself
عباد الله,"Servants or worshippers of Allah, a dignifying address reminding listeners of their devoted belonging to Him. ""Slaves"" can obscure the honour intended in this context.",slaves of God
اتقوا الله,"Cultivate vigilant awareness of Allah through obedience and avoidance of sin. The command calls for active taqwa, not fear alone.",fear God
حق تقاته,"Observe Allah with the full reverence, obedience, and seriousness that His majesty deserves. It refers to the due measure of taqwa, not extreme panic.",fear Him as He deserves
فاتقوا الله,Therefore remain consciously guarded before Allah in the matter being discussed. The connective makes taqwa the practical conclusion of the preceding reminder.,so fear God
اعلموا رحمكم الله,Know and take heed—may Allah have mercy on you. It is a gentle teaching formula that combines instruction with supplication.,"know, may Allah have mercy on you"
رحمكم الله,"May Allah encompass you in mercy. Although Arabic uses a past-tense form, the expression functions as a present supplication.",may Allah have mercy on you
غفر الله لي ولكم,May Allah forgive me and you. The Arabic past-tense form functions as a supplication and is traditionally used near a transition in the sermon.,may Allah forgive us
أقول قولي هذا,"I conclude this portion with what I have said. It is a conventional sermon formula, not self-praise.",I say these words
وأستغفر الله,"And I seek Allah's forgiveness. The request includes pardon, covering of sin, and protection from its consequences.",I seek Allah's forgiveness
فاستغفروه,"Therefore seek His forgiveness and return to Him. The command implies repentance and changed conduct, not words alone.",ask Him to forgive
إنه هو الغفور الرحيم,He alone is the abundantly forgiving and ever-merciful. The wording emphasizes the continuity and abundance of these divine qualities.,"He is the Forgiving, the Merciful"
اللهم,"O Allah. It is a direct form of address used in supplication, not a statement about Allah.",god
اللهم آمين,"O Allah, answer and accept this supplication. ""Amin"" is a plea for response, not a divine name or merely the word ""truly."".",god amen
أما بعد فاتقوا الله,To proceed: remain consciously guarded before Allah. It is a standard transition that frames the sermon's main counsel through taqwa.,and then fear God
خير الكلام,"The truest, finest, or most beneficial speech, depending on what follows. The word ""best"" can refer to moral excellence, benefit, or comparison, not eloquence alone.",best words
هدي محمد,"The guiding way and lived pattern of Prophet Muhammad. Without vowel marks, the Arabic can be confused with a word for a pilgrimage offering.",Muhammad's guidance
شر الأمور,"The most harmful and blameworthy matters, as defined by the continuation of the quotation. The word ""evil"" here is a moral judgment, not simply ""worst"" in quality.",worst things
كل بدعة ضلالة,"Every innovation introduced into religion without a valid basis is a departure from guidance. The statement does not refer to ordinary new tools, technologies, languages, or administrative practices.",every innovation is misguidance
عليكم بسنتي,Hold firmly to my normative way. The construction is an emphatic command to adhere to the Prophet's guidance.,hold to my Sunnah
عضوا عليها بالنواجذ,Cling to it with the greatest firmness. The expression literally mentions biting with the molars as a vivid idiom for determined adherence.,hold firmly to it
الدال على الخير,"A person who directs, teaches, or helps others perform a good deed and therefore shares in its reward. The word includes facilitation, not indication alone.",pointer to good
من سن سنة حسنة,"A person who initiates or revives an established good practice that others then follow. The hadith concerns a precedent within revealed goodness, not inventing worship without basis.",who establishes a good practice
البلاغ المبين,Clear and complete delivery that makes the message fully intelligible. The adjective emphasizes faithful and lucid conveyance.,clear delivery
قيام الحجة,"The point at which relevant evidence has been sufficiently established for responsibility or judgment to apply. It is a theological and legal threshold, not merely winning an argument.",the proof standing
