Arabic term,Meaning,Literal translation,Arabic variations + translation,Alternative context meaning(s)
التقوى,"Vigilant awareness of Allah that produces reverence, obedience, and restraint from sin. It includes the sense of protecting oneself from divine displeasure, so neither ""fear"" nor ""piety"" alone is sufficient.",fear; piety,اِتَّقَى (verb) — avoid; guard against | مُتَّقٍ (active participle) — God-conscious; pious | المُتَّقُون (plural) — the God-conscious; the pious,
الإحسان,"Spiritual and moral excellence, especially worshipping Allah with deep awareness and treating creation well. It is broader than ordinary kindness.",kindness,أَحْسَنَ (verb) — do good; do excellently | مُحْسِن (active participle) — doer of good; benefactor | مُحْسِنُون (plural) — doers of good; benefactors,
الشرك,"Assigning to another what belongs exclusively to Allah, especially worship or divine authority. It includes obvious and subtle forms, not only belief in several gods.",polytheism,أَشْرَكَ (verb) — associate partners; ascribe a partner | مُشْرِك (active participle) — polytheist; one who associates partners | مُشْرِكُون (plural) — polytheists; those who associate partners,
الإخلاص,"Purifying worship and intention from all rivals and self-display. It is exclusive devotion to Allah, not frankness alone.",sincerity,أَخْلَصَ (verb) — make sincere; devote exclusively | مُخْلِص (active participle) — sincere; devoted,
الدين,"The divinely ordained way of faith, worship, ethics, and accountability. Depending on context, the same word can also mean judgment or recompense.",religion,دَانَ بِـ (verb) — profess; adhere to | دِينِيّ (adjective) — religious; pertaining to religion,Different vocalization (الدَّيْن): debt; an obligation owed.
الفطرة,The original God-given human disposition that is receptive to truth and worship. It is not every natural impulse or acquired social habit.,human nature,فِطْرِيّ (nisba adjective) — innate; natural | فِطْرِيَّة (abstract noun) — innateness; naturalness,
العبودية,"The human condition of devoted servitude and complete dependence on Allah. Although the literal root relates to servitude, the theological sense is honourable worshipful belonging, not human enslavement.",slavery,عَبَدَ (verb) — worship; serve | عَابِد (active participle) — worshipper; devotee,
الخشوع,"Reverent humility and attentive stillness of the heart and body before Allah, especially in prayer. It combines inward presence, submission, and outward composure.",submission,خَشَعَ (verb) — humble oneself; submit reverently | خَاشِع (active participle) — humble; devout,
التوكل,Reliance of the heart on Allah while using lawful and effective means. It rejects both passive fatalism and treating worldly causes as independently sufficient.,fatalism,تَوَكَّلَ عَلَى (verb) — rely on; entrust oneself to | مُتَوَكِّل (active participle) — reliant; trusting,
الذكر,"Remembering or mentioning Allah, receiving a reminder, or the revealed reminder itself. Context can refer to devotional remembrance, the Qur'an, or moral recollection.",mention,ذَكَرَ (verb) — remember; mention | ذَاكِر (active participle) — one who remembers; remembering,Different vocalization (الذَّكَر): male; masculine sex.
الدعاء,"Calling upon Allah through request, praise, or worship. It usually means supplication and is distinct from the formal ritual prayer.",prayer,دَعَا (verb) — call upon; supplicate | دَاعٍ (active participle) — caller; supplicant,
الضلالة,Losing or departing from the path of right guidance. It can range from confusion to culpable rejection and is stronger than an ordinary mistake.,error,ضَلَّ (verb) — go astray; err | ضَالّ (active participle) — astray; misguided | ضَالُّون (plural) — the misguided; those astray,
الفتنة,"A context-dependent term for a test, temptation, persecution, destabilizing trial, punishment, or civil strife. Its central image is a process that exposes or tests what is genuine.",temptation,فَتَنَ (verb) — test; tempt | مَفْتُون (passive participle) — captivated; infatuated,Attraction context: fascination; captivating charm.
البلاء,"A test permitted or decreed by Allah that reveals a person's response and may refine character. It can occur through hardship or prosperity, not only calamity.",calamity,اِبْتَلَى (verb) — test; try | مُبْتَلًى (passive participle) — tested; afflicted,
الغيب,"The unseen realm inaccessible to ordinary direct perception. It includes realities known through revelation, not simply what humans have not discovered yet.",the unknown,غَابَ (verb) — be absent; disappear | غَائِب (active participle) — absent; missing,
القدر,"Allah's measured decree and apportionment of creation and events. Unlike blind fate, it is connected with divine knowledge, will, measure, and creation.",fate,قَدَّرَ (verb) — measure; decree | مُقَدَّر (passive participle) — measured; decreed,
القضاء,"A decisive judgment, completion, or enactment. In theology it can refer to Allah's decree taking effect; in law it can mean judicial judgment, so context is essential.",destiny,قَضَى (verb) — decide; judge | قَاضٍ (noun) — judge; adjudicator,
المشيئة,"Divine will by which events occur or do not occur. It is an effective will, not an uncertain wish.",wish,شَاءَ (verb) — will; wish,
الخشية,Reverent fear arising from knowledge of Allah's greatness and one's responsibility before Him. It carries a stronger sense of awe and recognition than ordinary fear.,fear,خَشِيَ (verb) — fear; revere | خَاشٍ (active participle) — fearful; reverent,
الاستقامة,"Steadfast uprightness upon faith without deviating to extremes. It is comprehensive consistency in creed, worship, and conduct.",straightness,اِسْتَقَامَ (verb) — be upright; remain straight | مُسْتَقِيم (adjective) — upright; steadfast,
السكينة,"Serenity and stabilizing assurance bestowed by Allah, especially during fear or upheaval. It is an inward settling of the heart rather than ordinary quiet.",peace,سَكَنَ (verb) — become still; settle | سَاكِن (adjective) — still; calm,
الرزق,"Whatever provision Allah apportions, including material resources, health, knowledge, opportunity, and spiritual benefit. It is broader than salary or income.",income,رَزَقَ (verb) — provide; sustain | رَازِق (active participle) — provider; sustainer,
الشبهة,A resemblance or uncertainty that makes falsehood appear plausible or a ruling appear doubtful. It can refer to intellectual confusion or an ambiguous matter.,suspicion,اِشْتَبَهَ (verb) — be unclear; resemble | مُشْتَبِه (adjective) — ambiguous; doubtful,
الورع,Scrupulous restraint from doubtful or spiritually harmful matters. It is cautious moral self-protection beyond bare legality.,piety,تَوَرَّعَ (verb) — abstain scrupulously; be cautious | مُتَوَرِّع (active participle) — scrupulous; abstinent,
السنة,"The Prophet's normative teaching, practice, and approved way; in other contexts, an established practice or recurring divine pattern. The intended sense must be determined from context.",tradition,سَنَّ (verb) — institute a practice; establish a precedent,Different vocalization (السَّنَة): year.
البدعة,"A practice introduced into religion as worship without a valid basis. In this sermon context, it does not refer to every new tool, technology, or ordinary custom.",innovation,اِبْتَدَعَ (verb) — innovate; originate | مُبْتَدِع (active participle) — innovator; originator,
الفتوى,"A qualified scholar's nonbinding legal answer to a religious question. It differs from a court judgment, which can be legally enforceable.",religious ruling,أَفْتَى (verb) — issue a legal opinion; give a fatwa | مُفْتٍ (noun) — mufti; legal scholar,
الشريعة,"The divinely revealed path encompassing faith, worship, ethics, and law. Reducing it to criminal penalties or court rules seriously narrows the concept.",islamic law,شَرَعَ (verb) — prescribe; legislate | شَرْعِيّ (adjective) — legal; Sharia-related,
الاجتهاد,Disciplined reasoning by a qualified scholar to derive or apply a religious ruling. It is not unrestricted personal opinion.,independent legal reasoning,اِجْتَهَدَ (verb) — exert independent reasoning; strive intellectually | مُجْتَهِد (noun) — independent jurist; mujtahid,
التقليد,"Following a qualified juristic authority without independently deriving the proof. It is technical reliance, not necessarily mindless copying.",imitation,قَلَّدَ (verb) — imitate; follow | مُقَلِّد (active participle) — follower; imitator,
الحجة,"A decisive proof that establishes truth and responsibility. It denotes evidence that leaves no valid excuse, not rhetorical debate.",argument,اِحْتَجَّ (verb) — argue; cite as proof,Different vocalization (الحِجَّة): one pilgrimage; a performance of Hajj.
الوحي,"Divine communication conveyed to a prophet in the manner Allah chooses. It is authoritative revelation, not private intuition or creative inspiration.",inspiration,أَوْحَى (verb) — reveal; communicate discreetly | مُوحًى (passive participle) — revealed; communicated,General Arabic: a discreet signal; a quick communication or suggestion.
التأويل,"A contextually justified interpretation, final outcome, or ultimate realization of a text or event. Classical usage is broader than free allegorical interpretation.",interpretation,أَوَّلَ (verb) — interpret; explain an intended outcome | مُؤَوِّل (active participle) — interpreter; one who interprets,
الموعظة,"A heart-directed admonition combining teaching, warning, encouragement, and compassionate counsel. Its aim is moral awakening, not information alone.",lecture,وَعَظَ (verb) — admonish; exhort | وَاعِظ (noun) — preacher; admonisher,
الدعوة,"Inviting people to Allah with knowledge, wisdom, and suitable means. It is principled invitation, not coercion or publicity alone.",preaching,دَعَا (verb) — invite; call | دَاعِيَة (noun) — preacher; caller,"Social context: invitation, such as to a meal or event."
المعروف,"What revelation and sound custom recognize as right, fitting, and socially honourable. It is more than whatever is familiar.",the known,عَرَفَ (verb) — know; recognize,
المنكر,What revelation and sound moral judgment recognize as wrong or unacceptable. It is not simply something unfamiliar.,evil,أَنْكَرَ (verb) — deny; disapprove,
العدل,Giving each person or matter its due and judging without bias or excess. Justice does not always require identical treatment when relevant circumstances differ.,equality,عَدَلَ (verb) — act justly; deal fairly | عَادِل (adjective) — just; fair,
القسط,"Manifest fairness that gives each party its due. It stresses enacted and measurable justice, especially in dealings and testimony.",balance,أَقْسَطَ (verb) — act justly; deal equitably | مُقْسِط (adjective) — just; equitable,Different vocalization (القِسْط): installment; scheduled payment.
الكفر,"Rejecting, denying, or covering over divine truth. The word has theological and legal uses, and applying it to particular people requires context and care.",disbelief,كَفَرَ (verb) — disbelieve; reject | كَافِر (noun) — disbeliever; unbeliever | كَافِرُون (plural) — disbelievers; unbelievers,"Moral/lexical context: ingratitude; denial of a favour, without necessarily meaning theological disbelief."
الربا,A prohibited increase or exchange imbalance defined by Islamic commercial law. It includes many forms of interest but is a wider juristic category than the English word alone.,interest,رَبَا (verb) — increase; grow | رِبَوِيّ (adjective) — usurious; interest-based,Lexical/root context: increase; growth.
الزكاة,"The obligatory, calculated share of qualifying wealth given to designated recipients. It is a legal right of recipients, not merely voluntary charity.",charity,زَكَا (verb) — grow; become pure | زَكَّى (verb) — purify; give zakat on,
الأمانة,"A trust or responsibility that must be faithfully protected and fulfilled. It includes entrusted property, duties, rights, and confidential information, not honesty alone.",honesty,اِئْتَمَنَ (verb) — entrust; place in trust | أَمِين (adjective) — trustworthy; honest,
العهد,"A binding pledge, entrusted obligation, or covenant. It can denote divine covenant, human commitment, or a duty whose breach is betrayal.",promise,عَاهَدَ (verb) — make a covenant; pledge,Historical context: era; reign or period.
الميثاق,"A solemn binding covenant, often witnessed before Allah. It is stronger than a contract; it carries sacred and moral accountability.",agreement,,
البر,"Comprehensive righteousness expressed through faith, worship, generosity, and good character. It is broader than a single charitable act.",goodness,بَرَّ (verb) — be dutiful; show kindness | بَارّ (active participle) — dutiful; righteous | أَبْرَار (plural) — the righteous; the dutiful,Different vocalization (البَرّ): dry land; land as opposed to sea.
الأمة,"A community united by a shared faith, purpose, or messenger; in sermons, usually the worldwide Muslim community. It is not identical to a nation-state or ethnicity.",nation,,"Qur'anic context: a period of time (12:45); elsewhere, an exemplary leader/model (16:120)."
الجماعة,"The united Muslim community or a body gathered around legitimate guidance. The word can also simply mean a group, so theological claims depend on context.",group,جَمَعَ (verb) — gather; collect,
الأخوة,"A bond of mutual loyalty, dignity, and responsibility grounded in faith or humanity. Ukhuwwah entails rights and duties, not emotional closeness alone.",brotherhood,,
الشورى,The Islamic principle of consulting relevant people before making a responsible decision. It is not identical to a single modern political system or to majority voting in every matter.,democracy,شَاوَرَ (verb) — consult; seek counsel,Institutional context: consultative council; advisory body.
القيامة,"The resurrection and great standing of creation before Allah for judgment. The word emphasizes rising and standing, not only the destruction of the world.",doomsday,قَامَ (verb) — rise; stand,
الحساب,"Allah's reckoning of beliefs, intentions, words, and deeds. It is moral accounting, not arithmetic alone.",calculation,حَاسَبَ (verb) — call to account; reckon | حَاسِب (noun) — accountant; reckoner,
الميزان,"The divinely just weighing of deeds, records, or people on the Day of Judgment. It expresses exact accountability and is treated in sermons as an eschatological reality.",balance,وَزَنَ (verb) — weigh; measure by weight,
الصراط,"The straight path of guidance, and in eschatological contexts the crossing over Hell toward Paradise. The intended meaning depends on the passage.",road,,
الشفاعة,Intercession granted only by Allah's permission and approval. It is not an automatic spiritual privilege or a means of overriding divine judgment.,mediation,شَفَعَ (verb) — intercede; mediate | شَافِع (noun) — intercessor; mediator,
الجنة,"The divinely prepared everlasting abode of nearness, safety, and reward. It is Paradise; the root image of a concealed garden does not exhaust the concept.",garden,,
النار,"The divinely created abode or punishment of the condemned. It means Hell, not every physical flame.",fire,,
التوفيق,"Allah's enabling a person to choose, pursue, and accomplish what is right. It joins sound intention, ability, and successful action.",success,وَفَّقَ (verb) — enable; grant success | مُوَفَّق (adjective) — successful; well-guided,
الرشاد,"Soundly directed judgment and conduct leading to a good end. It combines intellectual rightness, maturity, and practical direction.",guidance,رَشَدَ (verb) — be rightly guided; mature | رَاشِد (adjective) — mature; rightly guided,Legal context: maturity and sound judgment sufficient to manage property.
الزهد,Detachment of the heart from excessive attachment to worldly things in favour of the Hereafter. It does not require poverty or abandoning lawful possessions.,asceticism,زَهِدَ فِي (verb) — abstain from; be detached from | زَاهِد (noun/adjective) — ascetic; detached,
الرَّبّ,"The Lord who creates, owns, sustains, governs, and nurtures creation. The word conveys comprehensive divine care and authority, not merely the social title ""master."".",lord,,
الإله,"The being who is worshipped; in Islamic creed, Allah alone is rightfully worshipped. The concept concerns entitlement to worship, not power alone.",god,,
الألوهية,Exclusive divine right to worship. It is a creed term denoting that all worship belongs to Allah alone.,divinity,,
الربوبية,"Allah's unique lordship over creation. It includes creating, owning, sustaining, decreeing, and governing all things.",lordship,,
الرحمن,"A divine name expressing vast, all-encompassing mercy. Its intensive form conveys the abundance and breadth of Allah's mercy.",the compassionate,,
الرحيم,A divine name expressing continuing and specially bestowed mercy. It conveys enduring mercy rather than an ordinary kindly disposition.,the merciful,رَحِمَ (verb) — have mercy; show compassion,
الغفور,The Oft-Forgiving who repeatedly covers and pardons sin. It stresses abundance and recurrence of forgiveness.,forgiving,غَفَرَ (verb) — forgive; pardon | غَافِر (active participle) — forgiver; forgiving,
الغفار,The Constantly and Abundantly Forgiving. It is stronger than a one-time act of pardon; it conveys repeated forgiveness.,forgiver,غَفَرَ (verb) — forgive; pardon | غَافِر (active participle) — forgiver; forgiving,
العفوّ,"The divine name of the One who pardons and effaces sin. It can imply removal of blame and its trace, beyond withholding punishment.",the pardoning,عَفَا عَنْ (verb) — pardon; forgive,
التواب,"The One who repeatedly turns to servants in mercy and accepts repentance. It means enabling and accepting repentance, not repenting Himself.",the relenting,,
الرؤوف,The divine name expressing especially tender and gentle mercy that relieves suffering.,kind,رَأَفَ بِـ (verb) — show compassion; have pity,
الودود,"The Loving and Beloved, whose love is active and beneficent. It is not sentiment alone but favour, nearness, and benevolence.",friendly,وَدَّ (verb) — love; wish,
اللطيف,The Subtly Kind and perfectly aware of hidden details. It combines subtle knowledge with unobtrusive kindness and providence.,gentle,لَطُفَ (verb) — be gentle; be subtle,
الخبير,The One fully acquainted with inner realities and outcomes. It is not merely possessing information; it implies penetrating knowledge of what is hidden.,informed,خَبِرَ (verb) — know by experience; be informed,
العليم,"The All-Knowing without limit or acquisition. It denotes complete, timeless, and unfailing knowledge.",knowledgeable,عَلِمَ (verb) — know; learn | عَالِم (noun/adjective) — scholar; knowledgeable,
الحكيم,"The Perfectly Wise who places everything appropriately. It includes perfect judgment, purpose, and right placement, not cleverness alone.",wise,,
الحليم,"The Forbearing who does not hasten punishment despite power. It is deliberate restraint, not inability or passivity.",patient,حَلُمَ (verb) — be forbearing; be mild,
الكريم,"The divine name expressing supreme generosity, nobility, honour, and graciousness.",generous,كَرُمَ (verb) — be noble; be generous,
الأكرم,The Most Generous and Most Noble. It carries both munificence and incomparable nobility.,most generous,كَرُمَ (verb) — be noble; be generous | كَرِيم (adjective) — noble; generous,
الوهاب,"The Unceasing Bestower of gifts without compensation. It stresses free, repeated, undeserved bestowal.",giver,وَهَبَ (verb) — give; grant | هِبَة (noun) — gift; grant,
الرزاق,"The Constant Provider who creates and delivers all provision. It includes material, spiritual, lawful, and inward sustenance.",provider,رَزَقَ (verb) — provide; sustain | رَازِق (active participle) — provider; sustainer,
الفتاح,"The divine name meaning the Opener who grants relief, opens paths of mercy or victory, and judges decisively between parties. The intended emphasis depends on context.",opener,فَتَحَ (verb) — open; grant victory | فَاتِح (active participle) — opener; conqueror,
النصير,"The perfectly effective Helper who protects, supports, and grants victory.",supporter,نَصَرَ (verb) — help; grant victory | نَاصِر (noun) — helper; supporter,
الولي,"The Protecting Patron and Ally who is near to His servants. The word can combine protection, authority, loyalty, and closeness, so ""friend"" is too weak.",friend,وَلِيَ (verb) — be near; take charge | أَوْلِيَاء (plural) — allies; guardians,Family/legal context: guardian; person with legal authority.
المولى,"The Patron, Master, Protector, or Ally. It is a relational term whose exact English rendering depends on who is speaking and the surrounding context.",master,مَوَالٍ (plural) — patrons; clients,Historical social context: client/freedman; patron.
الوكيل,"The fully sufficient Trustee upon whom all affairs may be entrusted. In contexts of reliance on Allah, it means the One who manages matters perfectly.",agent,وَكَلَ (verb) — entrust; appoint,
الحفيظ,"The Perfect Preserver and Watchful Guardian. It includes guarding, preserving, recording, and preventing loss.",keeper,حَفِظَ (verb) — preserve; protect | حَافِظ (active participle) — guardian; memorizer,
الرقيب,"The Ever-Watchful Observer from whom nothing is absent. It conveys continuous, morally consequential oversight, not surveillance alone.",watcher,رَقَبَ (verb) — watch; observe,
الحسيب,The One who is fully sufficient for His servants and who reckons all deeds exactly. Both meanings are used in religious language.,accountant,,Social/classical context: person of noble lineage; person of standing.
الشهيد,"The ever-present Witness whose knowledge misses nothing. As a divine name, it does not mean a person killed as a martyr.",martyr,شَهِدَ (verb) — witness; testify | شَاهِد (noun) — witness; observer,
المقيت,"The Sustainer who apportions nourishment and preserves creation, with complete power over it. The word has a wider sense than ""feeder."".",feeder,,
القادر,"The One whose power and ability are complete and unrestricted. Divine power is fully effective, not merely potential.",capable,قَدَرَ عَلَى (verb) — be able; have power | قَادِر (adjective) — capable; powerful,
القدير,The All-Powerful who determines and effects all things. It is an intensive divine attribute of comprehensive power.,powerful,قَدَرَ عَلَى (verb) — be able; have power | قَادِر (adjective) — capable; powerful,
المقتدر,The Supremely Powerful whose power is manifest and irresistible. It emphasizes exercised and overwhelming power.,almighty,اِقْتَدَرَ عَلَى (verb) — have power; be capable,
القوي,"The Perfectly Strong, untouched by weakness. It is absolute and not bodily.",strong,قَوِيَ (verb) — be strong; grow strong,
المتين,"The Firm and Unfailing in strength. It conveys unbreakable, inexhaustible power rather than physical hardness.",solid,,
الجبار,"The Irresistible One whose authority cannot be overcome and who restores what is broken. As a divine name, it does not mean an unjust tyrant.",tyrant,جَبَرَ (verb) — mend; compel | جَابِر (active participle) — one who mends; consoler,
المتكبر,"The Supremely Great, exalted above every defect and rival. Arrogant pride is blameworthy in creatures, whereas this divine name expresses rightful greatness and transcendence.",arrogant,تَكَبَّرَ (verb) — act arrogantly; exalt oneself,
الكبير,"The Incomparably Great in essence, rank, and authority. It does not refer to physical size; it denotes absolute greatness.",big,كَبُرَ (verb) — be great; grow large,
العظيم,"The Tremendously Magnificent and worthy of awe. It carries a stronger sacred sense than the ordinary word ""great."".",great,عَظُمَ (verb) — be great; be immense,
العلي,"The Most High in rank, authority, and transcendence. It does not refer only to spatial height; it denotes exaltedness above all imperfection.",high,عَلَا (verb) — rise; be exalted | عَالٍ (adjective) — high; elevated,
المتعال,The Supremely Exalted above all limitation and false attribution. An intensive expression of transcendence.,elevated,تَعَالَى (verb) — be exalted; rise above | مُتَعَالٍ (adjective) — exalted; lofty,
القدوس,"The Absolutely Pure and Holy, exalted above every defect and creaturely limitation. ""Holy"" is only an approximate English equivalent.",holy,قُدْس (noun) — holiness; sanctity | مُقَدَّس (adjective) — holy; sacred,
السلام,"The One free from every defect and the source of safety and peace. As a divine name, it means more than tranquillity.",peace,سَلِمَ (verb) — be safe; be sound,Everyday usage: greeting of peace; salutation.
المؤمن,"The Giver of security and the One who confirms truth. As a divine name, it does not mean ""a believer."".",believer,أَمِنَ (verb) — be safe; feel secure | آمَنَ (verb) — believe; have faith,Different vocalization (المُؤَمِّن): insurer.
المهيمن,"The Supreme Overseer, Guardian, and Witness whose authority and knowledge encompass all things.",controller,هَيْمَنَ عَلَى (verb) — oversee; dominate,
الواحد,The One without partner in divinity. It is not merely numerical oneness; it denies any partner or division in worship and lordship.,one,وَحْدَة (noun) — unity; unit,
الأحد,"The Uniquely One, indivisible and without equal. In creed, it expresses absolute uniqueness rather than numerical oneness alone.",one,,
الصمد,The Self-Sufficient Master upon whom all creation depends. No single English word fully captures both perfect independence and universal dependence upon Him.,eternal,,
الملة,"A divinely grounded religious way or confessional tradition. It denotes the inherited or followed way of faith, especially the creed of Abraham.",religion,,
الذمة,"A binding responsibility, legal liability, or protected covenantal status. The exact sense can be obligation, protection, or guarantee depending on context.",conscience,,
الولاء,"Faithful allegiance, protective loyalty, and committed solidarity. Its theological and communal sense is stronger and more relational than preference.",loyalty,,
البراء,Disavowal of false worship and principled separation from wrongdoing. It does not simply mean personal innocence.,innocence,,
الغيّ,"Perverse misdirection chosen in opposition to sound guidance. It implies morally blameworthy deviation, not innocent confusion.",error,,
الطاغوت,"Anything worshipped, obeyed, or followed in rebellion against Allah's authority and limits. It can refer to a false deity, satanic authority, tyrannical power, or a claimant to divine rights.",idol,,
الجبْت,"A broad Qur'anic term for false objects of worship, superstition, sorcery, or other forms of religious falsehood. Its exact referent depends on context.",idol,,
الأنداد,"Rivals set up as equals or counterparts to Allah. It stresses treating created things as peers in love, obedience, or worship.",partners,,
الشفعاء,"Intercessors whose mediation is sought or granted. Intercession in Islamic theology is dependent on Allah's permission, not independent influence.",advocates,,
التكليف,"Being charged by divine law with accountable duties. It signifies morally binding religious responsibility, not merely a task.",assignment,كَلَّفَ (verb) — assign; impose a duty | مُكَلَّف (passive participle) — legally responsible; assigned,
علم اليقين,"Certainty reached through reliable knowledge, evidence, or report. It is the first of three Qur'anic expressions describing degrees or modes of certainty.",certain knowledge,,
عين اليقين,"Certainty comparable to direct seeing. It describes immediate experiential confirmation, not a literal ""eye"" belonging to certainty.",eye of certainty,,
حق اليقين,Certainty fully realized through direct encounter with reality. It is the most complete expression in the Qur'anic sequence of certainty.,truth of certainty,,
الشهادة,"Testimony or witnessing; it can also mean the visible, perceptible realm. Context may refer to legal evidence, the confession of faith, martyrdom, or the world of direct perception.",martyrdom,شَهِدَ (verb) — witness; testify | شَاهِد (noun) — witness; observer,Administrative/education context: certificate; formal credential.
التنزيه,"Declaring Allah free of every defect and creaturely limitation. It is a theological act of transcendence, not praise in general.",glorification,نَزَّهَ (verb) — declare free from; exalt above imperfection | مُنَزَّه (adjective) — free from imperfection; transcendent,
التشبيه,"Likening divine attributes to created qualities. It denotes anthropomorphic assimilation, not every analogy.",comparison,شَبَّهَ (verb) — compare; liken | مُشَبِّه (active participle) — one who likens; comparer,
التعطيل,"Denying, emptying, or suspending the meanings of divine attributes. A technical theological term, not ordinary interruption.",disablement,عَطَّلَ (verb) — suspend; disable | مُعَطِّل (active participle) — one who suspends; negator,
التنزيل,The sending down of revelation in stages and with divine authority. It highlights descent from Allah and often gradual delivery.,revelation,نَزَّلَ (verb) — send down; reveal | مُنَزَّل (passive participle) — sent down; revealed,
الفرقان,The divine criterion that separates truth from falsehood. It can name the Qur'an or any decisive divine distinction.,discrimination,,
الهدى,"Guidance that directs toward truth and a sound end. It refers to revelation or divine enabling, not information alone.",directions,,
البصائر,"Clear proofs or insights that illuminate spiritual and moral truth. The plural refers to inward perception and evidence, not physical eyesight.",eyesights,,
المحكم,"A text whose meaning or ruling is firmly established and relatively clear. In Qur'anic studies, definitions vary according to the way it is contrasted with mutashabih.",precise,,Ordinary descriptive context: firmly constructed; well-made.
المتشابه,"A text whose exact meaning, application, or ultimate referent is not immediately decisive. It may require interpretation or humble suspension of judgment and is not necessarily contradictory.",ambiguous,,Ordinary descriptive context: similar; resembling.
الناسخ,"A later ruling or text that replaces the operative legal ruling of an earlier one. The concept concerns legal effect, not denial of the earlier revelation.",abrogating,,
المنسوخ,A ruling whose operative legal force has been replaced by a later ruling. The earlier verse or report remains part of revelation or transmission even when its ruling no longer applies.,cancelled,,
الترتيل,"Measured, clear, and deliberate recitation of the Qur'an. It emphasizes correct articulation, pacing, and reflection rather than musical performance.",chanting,رَتَّلَ (verb) — recite distinctly; recite measuredly | مُرَتِّل (noun) — measured reciter; reciter,
التجويد,"Reciting the Qur'an while giving each letter and recitation rule its proper pronunciation. It concerns disciplined phonetic accuracy, not ornamentation alone.",embellishment,جَوَّدَ (verb) — perfect; improve | مُجَوِّد (noun) — skilled reciter; practitioner of tajwid,
الأحرف,"In the expression ""seven ahruf,"" a technical term for divinely permitted modes of early Qur'anic recitation. Scholars differ about their precise nature, but the word does not mean seven alphabet letters or the seven canonical readings.",letters,,
الرسم,"The inherited consonantal spelling and written form of the Qur'anic codex. It is a technical term for orthography, not drawing.",drawing,,
المصحف,"A physical written codex containing the Qur'anic text. It is the written copy, whereas the Qur'an is the revealed recitation and message.",quran,,
الإسناد,"The chain through which a report or recitation is attributed to its source. It is a formal transmission chain, not ""support"" in the general sense.",support,أَسْنَدَ (verb) — attribute; support | مُسْنَد (passive participle/noun) — attributed; supported,
الرواية,"A transmitted report, narration, or version received through a chain. In Qur'anic recitation, it can mean a formally transmitted recension associated with a reader.",story,,Modern literary context: novel.
العلم,"Knowledge based on sound evidence and understanding. In religious sermons, it often refers to sacred or beneficial knowledge rather than modern science specifically.",knowledge; sacred knowledge,عَلِمَ (verb) — know; learn | عَالِم (noun/adjective) — scholar; knowledgeable,Different vocalization (العَلَم): flag; identifying banner.
العبرة,A moral lesson drawn by moving from an event or sign to its deeper meaning. It is more than an example.,example,,Different vocalization (العَبْرَة): tear.
الاعتبار,"Reflective inference that draws a lesson from signs, history, or outcomes. It is not mere attention; it involves moral and analogical reasoning.",consideration,اِعْتَبَرَ (verb) — consider; take into account | مُعْتَبَر (adjective) — recognized; valid,
الفراسة,"Discernment that reads outward signs with trained inward perception. In ethical discourse, it is perceptiveness rather than fortune-telling or certainty about the unseen.",guesswork,,Classical descriptive context: physiognomy; inference from outward signs.
التثبت,"Careful verification before accepting or acting on information. It means checking truth and avoiding haste, especially regarding reports.",steadiness,,
التبين,"Seeking and attaining clarity through verification. In a command, it means to investigate carefully rather than merely notice.",becoming clear,,
الإفتاء,Issuing a reasoned religious legal answer to a particular question. It is nonjudicial guidance based on recognized legal method.,giving an opinion,أَفْتَى (verb) — issue a legal opinion; give a fatwa | مُفْتٍ (noun) — mufti; legal scholar,
النقل,Authoritative transmission of text or report. It contrasts with pure reasoning and refers to transmitted evidence.,transport,,
الاستدلال,"Reasoning from evidence to a warranted conclusion. A technical scholarly process, not rhetorical persuasion.",inference,اِسْتَدَلَّ (verb) — infer; adduce evidence | مُسْتَدِلّ (active participle) — reasoner; one adducing evidence,
المصدِّق,"A person who sincerely affirms and confirms the truth. In faith contexts, the word suggests inward acceptance that leads to truthful response.",confirmer,,
المتقّي,"A person who protects themselves from Allah's displeasure through vigilant obedience and avoidance of sin. ""Pious"" is only a partial equivalent.",pious person,,
الرباني,"A God-oriented scholar and educator who combines knowledge, wisdom, and gradual spiritual formation of others.",divine person,,
المخبت,"A person humbly settled, tranquil, and receptive before Allah. It combines lowliness, trust, and willing obedience.",humble,,
الأواب,"One who repeatedly returns to Allah in repentance and devotion. It suggests frequent, heartfelt returning, not a single apology.",repentant,,
المنيب,One who turns back to Allah with reliance and obedient devotion. It is a sustained orientation toward Allah.,penitent,,
الذاكر,"One who actively remembers and mentions Allah. It includes heart, tongue, awareness, and obedience.",rememberer,,
المتوكل,One who relies upon Allah while taking legitimate means. It combines heart-reliance with responsible action.,fatalistic,,
الإنابة,Continual turning of the heart and conduct back to Allah. It is broader than repentance from a specific sin and describes an enduring devotional orientation.,repentance,,
الإخبات,"Humble, tranquil submission and inward settling before Allah. The word evokes low, stable ground as an image of a settled heart.",humility,أَخْبَتَ (verb) — humble oneself; submit | مُخْبِت (adjective) — humble; devout,
المراقبة,"Living with sustained awareness that Allah observes and knows all things. It is a spiritual practice of accountability, not surveillance of other people.",monitoring,رَاقَبَ (verb) — watch; observe | مُرَاقِب (noun/adjective) — observer; watchful,
المحاسبة,"Examining and holding oneself accountable before final judgment. It means moral self-audit, not bookkeeping.",accounting,حَاسَبَ (verb) — hold accountable; audit | مُحَاسِب (noun) — accountant; auditor,
المجاهدة,"Disciplined striving against the ego, habits, and obstacles to obedience. In this context it commonly means inner moral struggle, not armed conflict.",struggle,جَاهَدَ (verb) — strive; struggle | مُجَاهِد (active participle) — one who strives; struggler,
الافتقار,"Conscious recognition of one's complete need of Allah. It is spiritual and existential dependence, not merely financial poverty.",poverty,اِفْتَقَرَ إِلَى (verb) — be in need of; lack | مُفْتَقِر (adjective) — needy; dependent,
القرب,"Spiritual nearness to Allah through His favour, worship, and obedience. It does not imply physical distance or bodily location.",nearness,,
الأنس,"Intimate spiritual ease and comfort found in remembering and worshipping Allah. It is inward familiarity with devotion, not sociability.",sociability,,
النسك,"A prescribed act of devotion, especially sacrificial or pilgrimage worship. It can denote worship generally or a specific sacrificial rite.",ritual,,
الشعيرة,A divinely appointed symbol or rite that publicly marks devotion. It is a sacred sign whose honour reflects reverence for Allah.,slogan,,General lexical context: distinguishing sign; marker.
الشعائر,"The divinely established rites and symbols of worship. It carries sacred legal significance, not cultural pageantry.",ceremonies,,
القنوت,"Prolonged devout obedience, standing, or supplication. Its exact meaning varies between Qur'anic passages and legal discussions.",silence,,
الوتر,"The odd-numbered night prayer concluding voluntary worship. A technical devotional term, not arithmetic alone.",odd,,Anatomy/music context: tendon; string or cord.
التراويح,"Ramadan night prayers performed with intervals of rest. The name reflects pauses between units, not relaxation as the purpose.",rest prayers,,
السنن,"Recommended Prophetic practices or established normative ways. In other contexts, the plural can also refer to recurring patterns or laws established by Allah.",traditions,,
النافلة,A voluntary act of worship beyond what is obligatory. It is spiritually meritorious and can repair deficiencies in obligatory worship.,extra,,Classical/Qur'anic context: additional gift; something beyond what is due.
الفريضة,A specifically apportioned and binding religious obligation. It is legally mandatory and divinely assigned.,duty,,
الركن,"An integral element without which an act of worship is invalid. It is an internal essential component, not merely something important.",pillar,,Architecture: corner; angle.
المبطلات,"Acts that invalidate worship or a legal transaction. These are technically defined nullifiers, not anything disliked.",cancellations,,
المكروه,"An act religiously discouraged but not normally forbidden. The English word ""hated"" is too emotional for this technical legal category.",hated,,
المباح,"An act that is legally permitted in itself, without inherent reward or sin. Intention and consequences can change its moral value.",neutral,,
المشتبه,"A matter whose lawful or unlawful status is not sufficiently clear. It calls for verification and caution, not suspicion toward people.",suspicious,,
النجاسة,"Ritual impurity defined by Islamic law. It is a juridical category, not general uncleanliness.",dirt,,
الحدث,"A state of minor or major ritual impurity that prevents certain acts of worship until purification. In Islamic law, it does not mean an ordinary event.",event,,
التيمم,"Ritual purification with clean earth or dust when water is unavailable or cannot safely be used. It is a legally defined substitute, not ordinary ""dry washing."".",dry washing,,
الاستنجاء,"Cleansing oneself after relieving oneself. It is a technical practice of ritual cleanliness, not general bathing.",washing,اِسْتَنْجَى (verb) — cleanse after relieving oneself,
الاستجمار,"Cleansing after relieving oneself with suitable dry material. Stones were historically common, but equivalent clean materials may fulfil the function.",using stones,اِسْتَجْمَرَ (verb) — cleanse with dry material; cleanse with stones,
القبلة,"The direction of the Kaaba faced during prayer. Without vowel marks, the word can be confused with a homograph meaning ""kiss."".",kiss,قِبْلِيّ (nisba adjective) — qibla-related; southern,General figurative context: focus/destination; direction toward which people turn.
حضور القلب,Attentive awareness of Allah and the act of worship within the heart. It describes inward presence rather than concentration alone.,concentration,,
التكبير,"Declaring ""Allah is greater"" as an act of glorification, especially by saying ""Allahu akbar."".",magnification,كَبَّرَ (verb) — magnify; say 'Allahu akbar',
التحميد,"Praising Allah, especially by saying ""al-hamdu lillah."" The term often names this established formula of praise.",praising,حَمَّدَ (verb) — praise; say 'alhamdulillah',
التسبيح,Declaring Allah free from every defect and limitation. It is more specific than general praise.,glorification,سَبَّحَ (verb) — glorify; declare free of imperfection | مُسَبِّح (active participle) — one who glorifies; praising,
التهليل,"Saying ""there is no deity worthy of worship except Allah."" The term names this declaration of divine oneness, not chanting in general.",chanting,هَلَّلَ (verb) — say 'la ilaha illa Allah'; acclaim,
الحوقلة,"Saying ""there is no power or ability except through Allah."" The formula acknowledges that all effective strength and change depend on Him.",a slogan,,
الحسبلة,"Saying ""Allah is sufficient for us, and He is the best disposer of affairs,"" or a related formula of reliance. The word is a devotional abbreviation, not calculation.",calculation,,
الاستعاذة,"Seeking Allah's protection from evil. It is a worshipful appeal, commonly before recitation.",refuge,,
البسملة,"Saying ""In the name of Allah, the Most Merciful, the Ever-Merciful."" The word is the technical name for beginning with this formula.",naming,,
الحمدلة,"Saying ""All praise belongs to Allah."" The word is a coined name for this formula, not praise in general.",praise,,
الإقامة,The shorter call immediately preceding congregational prayer. The same Arabic form has unrelated everyday meanings.,residence,,
الإمامة,"Leadership of congregational prayer; more broadly, leadership, authority, or exemplary guidance. The intended meaning can differ significantly across legal, political, and theological contexts.",imamate,,
الاقتداء,Following the prayer leader's actions in proper sequence. In congregational prayer it is a technical relationship to the imam.,imitation,اِقْتَدَى بِـ (verb) — follow; emulate | مُقْتَدٍ (active participle) — follower; imitator,
الائتمام,Joining and following an imam in congregational prayer. It is a technical prayer term governing how the follower coordinates with the imam.,being led,اِئْتَمَّ بِـ (verb) — follow an imam in prayer | مُؤْتَمّ (active participle) — follower in prayer,
الخطبة,The formal sermon delivered as part of Friday or Eid worship. It has ritual and legal features beyond ordinary public speaking.,speech,خَطَبَ (verb) — preach; address | خَطِيب (noun) — preacher; orator,Different vocalization (الخِطْبَة): marriage proposal; engagement request.
الاعتكاف,"Devotional seclusion in a mosque with intention of worship. It is a regulated religious practice, not a wellness retreat.",retreat,اِعْتَكَفَ (verb) — remain in retreat; seclude oneself for worship | مُعْتَكِف (noun) — person in retreat; one in i'tikaf,
الإفطار,Ending a fast at its lawful time; also not fasting when permitted. The common English sense can obscure the religious act.,breakfast,أَفْطَرَ (verb) — break a fast; cease fasting | مُفْطِر (active participle) — one breaking the fast; not fasting,
السحور,"The pre-dawn meal eaten before a day of fasting. It is a recommended Prophetic practice, not simply a late-night meal.",late meal,,
الإحرام,Entering the consecrated state for Hajj or Umrah through intention and prescribed restrictions. The familiar garments mark this state but are not the state itself.,ritual consecration,أَحْرَمَ (verb) — enter ritual consecration; assume ihram | مُحْرِم (noun/adjective) — pilgrim in ihram; ritually consecrated,
السعي,"The ritual walking between Safa and Marwah during Hajj or Umrah. Outside pilgrimage, the same word commonly means effort or striving.",effort,,
الوقوف,"Being present at Arafah during the prescribed pilgrimage time, an essential rite of Hajj. Continuous physical standing is not required.",standing,,
الرمي,Casting pebbles at the designated pillars during Hajj. The targets symbolize rejection of temptation; they are not literally Satan.,stoning the devil,,General physical context: throwing; shooting/casting.
الهدي,"An animal offering designated for Hajj or Umrah. Without vowel marks, the word can be confused with another word meaning guidance.",guidance,,General lexical context: manner of conduct; way or practice.
الأضحية,"The sacrificial animal offered during Eid al-Adha according to prescribed rules. It is a devotional offering, not a ""victim."".",victim,,
العقيقة,"The animal sacrifice offered in gratitude for a newborn, commonly accompanied by naming and other practices. The term is not simply hair cutting.",hair cutting,,Classical lexical context: a newborn's first hair; hair present at birth.
النصوح,"Completely sincere and reforming, especially in the expression ""sincere repentance."" It describes repentance free of deception and accompanied by genuine correction.",honest,,
الإقلاع,"Immediate cessation and abandonment of a sin. In repentance language it means stopping the offence, not gradual reduction.",taking off,أَقْلَعَ عَنْ (verb) — cease; quit,
التكفير,"Expiation or removal of sins; in another context, declaring a person to be an unbeliever. The surrounding words are essential because the two meanings are very different.",declaring unbelief,كَفَّرَ (verb) — expiate; declare an unbeliever,
الكفارة,"A prescribed act of expiation for a specific violation. It does not necessarily replace repentance, compensation, or restoration of another person's rights.",atonement,,
الأذكار,"Established formulas and acts of remembering Allah for recurring times and situations. They include praise, supplication, and Qur'anic phrases.",chants,,
التلبية,"The pilgrimage response beginning ""Labbayka,"" expressing readiness, obedience, and repeated response to Allah's call.",chanting,لَبَّى (verb) — answer; recite the talbiyah | مُلَبٍّ (active participle) — one reciting the talbiyah; respondent,
الاستغاثة,"Seeking urgent rescue or relief. In theological discussion, the meaning and ruling depend on whom help is sought from and what ability is attributed to them.",calling for help,,
الاستمداد,"Seeking reinforcement, support, or aid. Because the word can be used materially or spiritually, the source and kind of help must be clear from context.",drawing power,اِسْتَمَدَّ مِن (verb) — derive from; seek support from | مُسْتَمَدّ (passive participle) — derived; drawn from,
المسألة,"A request or question. In devotional context, it can mean asking Allah for a need; in scholarly context, it means an issue under discussion.",problem,,
المناجاة,"Intimate, private conversation and supplication directed to Allah. It conveys closeness, confidentiality, and inward address.",whispering,نَاجَى (verb) — confide privately; speak intimately to | مُنَاجٍ (active participle) — one confiding; intimate speaker,
الاستكانة,"Humble submission and loweredness before Allah, especially during hardship. It is voluntary spiritual yielding, not degradation before people.",humiliation,,
التضرع,"Humble, broken-hearted pleading before Allah. It denotes spiritually truthful need, not degrading performance.",groveling,,
الانكسار,Contrite humility and awareness of need before Allah. It is not psychological collapse or loss of human dignity.,brokenness,اِنْكَسَرَ (verb) — break; become broken | مُنْكَسِر (adjective) — broken; humbled,
الرغب,Hopeful desire directed toward Allah. It is often paired with awe-filled fear to express balance between hope and fear.,wanting,,
الرهب,"Awe-filled fear that turns a person away from disobedience. It is devotional reverence, not panic.",panic,,
التفويض,"Entrusting the result of one's affairs to Allah after responsible effort. It is inward surrender, not abandonment of action.",delegation,فَوَّضَ (verb) — delegate; entrust | مُفَوَّض (noun/adjective) — delegate; authorized,
الثقة,"Settled confidence in Allah's promise, wisdom, and care. The word itself can mean trust generally, so its object must be clear.",self-confidence,,
حسن الظن,"Expecting Allah's mercy, wisdom, and good treatment while continuing repentance and obedience. It is not presumption that actions have no consequences.",positive thinking,,
سوء الظن,"Unfounded negative suspicion about Allah or other people. It can concern divine wisdom, another person's motives, or social conduct and must be understood from context.",negative thinking,,
النجوى,Private conversation or secret counsel. Qur'anic usage can refer positively to intimate supplication or negatively to concealed plotting.,whisper,,
الوسيلة,A legitimate means of drawing nearer to Allah. The term names the means itself and does not automatically specify a disputed form of intercession.,intermediary,,
التوسل,"Seeking nearness to Allah or an answer to prayer through a recognized means. Jurists differ about some forms, so the specific means must be identified.",mediation,,
الحلم,"Forbearing self-control when one has the power to retaliate. Without context, the same spelling can also mean a dream.",dream,,Different vocalization (الحُلُم): puberty; sexual maturity.
الأناة,"Deliberate composure that avoids rash action. It is thoughtful restraint, not laziness or indecision.",slowness,,
المروءة,"Honourable character and socially recognized decency that protect human dignity. Although often translated ""manliness,"" the ethical quality is not limited to men.",manliness,,
المصابرة,"Outlasting opposition through greater steadfastness. It implies competing in endurance, not merely waiting.",patience,صَابَرَ (verb) — vie in endurance; endure against | مُصَابِر (active participle) — persevering; steadfast,
المرابطة,"Sustained vigilance and readiness in defence of duty. In Qur'anic and devotional usage, it may refer either to frontier service or disciplined spiritual watchfulness.",border guarding,رَابَطَ (verb) — remain stationed; keep watch | مُرَابِط (noun) — sentry; one stationed on guard,
الاحتشام,"Dignified modesty in appearance, speech, and social conduct. It denotes protected dignity rather than shame toward the body or ordinary interaction.",prudishness,اِحْتَشَمَ (verb) — be modest; be decorous | مُحْتَشِم (adjective) — modest; decorous,
خفض الجناح,"Gentle and accessible humility toward those under one's care. The expression is a Qur'anic image of tenderness, like a bird lowering its wing.",lowering the wing,,
حفظ اللسان,"Guarding speech from falsehood, injury, and useless excess. It is a comprehensive discipline of verbal accountability.",holding the tongue,,
التروي,"Pausing long enough for judgment and action to mature. It is disciplined deliberation, not fear-driven indecision.",hesitation,,
الستر,"Concealing a person's non-public fault while encouraging correction and avoiding scandal. It does not justify hiding ongoing abuse, public danger, or violations of others' rights.",covering,,
المداراة,Courteous accommodation used to prevent harm while preserving principle. It differs from compromising truth merely to gain approval.,flattery,دَارَى (verb) — deal tactfully; conciliate | مُدَارٍ (active participle) — tactful; conciliatory,
التغافل,Wisely overlooking minor faults that one has noticed. It does not mean ignoring serious harm or neglecting responsibility.,deliberate overlooking,تَغَافَلَ (verb) — deliberately overlook; pretend not to notice | مُتَغَافِل (active participle) — deliberately overlooking; feigning ignorance,
العفو عند المقدرة,"Refraining from deserved personal retaliation despite having power. The expression praises moral strength, while public rights may still require justice.",forgiveness when able,,
كظم الغيظ,"Containing anger so it does not govern speech or action. It means mastery and redirection, not denial of emotion or tolerated abuse.",suppressing rage,,
إصلاح ذات البين,"Restoring sound relations between estranged people. It is a major communal duty involving truth, justice, and reconciliation.",reconciliation,,
طلاقة الوجه,"Meeting people with an open, pleasant, and approachable expression. It is a classical idiom and should not be translated literally as ""a loose face."".",a loose face,,
إغاثة الملهوف,Giving urgent help to a person in acute distress. The expression conveys both urgency and moral responsibility.,helping the distressed,,
تفريج الكربة,Removing or easing another person's severe distress. The Prophetic expression connects relieving people in this life with receiving divine relief in the Hereafter.,solving a problem,,
قضاء الحوائج,"Helping people meet legitimate and pressing needs. The word refers to needs and affairs, not every personal desire.",fulfilling wants,,
حمل الكل,"Supporting a dependent, burdened, or incapable person who cannot manage alone. It is a classical expression and does not mean carrying everyone physically.",carrying everyone,,
إعانة الضعيف,"Empowering and assisting those with limited power or capacity. It may be social, financial, physical, or situational; the phrase need not demean.",helping the weak,,
نصرة المظلوم,"Supporting the wronged person in recovering safety and rights. It is effective advocacy and protection, not military victory.",supporting the oppressed,,
رد المظالم,"Restoring wrongfully taken rights to their owners. It means violated rights or wrongful exactions, not abstract injustices.",restoring wronged rights,,
أداء الحقوق,Fulfilling the claims and obligations owed to Allah and to people. A right held by one person becomes a duty upon the person who owes it.,performing rights,,
احترام الحرمات,"Honouring the persons, rights, times, places, and limits made inviolable by Allah. It is broader than respecting sacred objects.",respecting sacred limits,,
تعظيم الشعائر,"Honouring the visible rites and symbols designated by Allah. It means reverent observance, not enlarging or idolizing symbols.",magnifying rituals,,
سلامة الصدر,"A heart free of rancour, envy, and malicious intent toward others. The expression is an idiom for inward moral soundness, not physical chest safety.",a safe chest,,
صفاء القلب,"Inward clarity unclouded by persistent malice, vanity, or duplicity. It does not imply sinlessness; it describes cultivated moral lucidity.",purity of heart,,
طهارة الباطن,"Cleansing inward motives and states from spiritual corruption. It concerns intention and character, not ritual purification.",inner cleanliness,,
محاسن الأخلاق,The recognized excellences of stable moral character. It points to embodied virtues rather than abstract moral theories.,good ethics,,
مكارم الأخلاق,"The highest and most noble forms of moral character. It denotes elevated excellences, not generosity alone.",generous morals,,
رفع الحرج,"Removing excessive hardship recognized by Islamic law. Here, ""haraj"" means serious constriction, not social embarrassment.",removing hardship,,
الوسطية,"A just, balanced, and morally excellent religious orientation. It does not mean compromise between truth and falsehood.",moderation,,
الاقتصاد في الطاعة,Sustainable and measured devotion without negligence or self-destructive excess. It expresses the Prophetic ideal of steady worship within human capacity.,moderation in worship,,
اغتنام الأوقات,"Using available periods as opportunities for worship and benefit. It implies valuing a fleeting opportunity, not exploitation.",seizing times,,
فقه الموازنات,The juristic method of weighing competing benefits and harms when they cannot all be achieved or avoided. It is more than ordinary compromise.,jurisprudence of balancing,,
الغبطة,"Wishing to receive a blessing similar to another person's without wanting their blessing removed. It is positive emulation, not envy.",envy,,
الغل,Deep concealed rancour or treacherous resentment. It denotes hidden hostility that contaminates relationships.,malice,,Different vocalization (الغُلّ): shackle; iron collar.
الإفك,A grave fabricated falsehood that reverses or distorts reality. It is often used for calumny.,lie,,
الطعن,"Attacking another's honour, lineage, integrity, or standing. In moral discourse it is verbal or reputational assault.",stabbing,,
الاستهزاء,"Treating truth, religion, or people as objects of derisive scorn. It conveys contempt and can be doctrinally grave when directed at sacred matters.",teasing,اِسْتَهْزَأَ بِـ (verb) — mock; ridicule | مُسْتَهْزِئ (noun/adjective) — mocker; ridiculing,
التنابز,Calling one another by offensive labels or nicknames. It highlights a culture of exchanged humiliation.,name-calling,تَنَابَزَ (verb) — exchange offensive nicknames; trade insults,
نكث العهد,Breaking a solemn promise or covenant after confirming it. It evokes unravelling something firmly twisted.,undoing the pact,,
الكفران,"Denying or covering over gratitude for a blessing. Depending on context, the word can mean ingratitude and may also be connected with disbelief.",unbelief,,
البطر,"Arrogant exultation in blessings that leads to ingratitude and wrongdoing. It condemns corrupted enjoyment, not happiness itself.",joy,,
الأشر,"Arrogant, heedless exuberance produced by prosperity. It describes morally intoxicated self-indulgence, not ordinary cheerfulness.",merriment,,
الإسراف,"Exceeding proper limits in spending, consumption, behaviour, or even otherwise lawful activity. It is broader than wasting money.",waste,أَسْرَفَ (verb) — be excessive; squander | مُسْرِف (adjective) — wasteful; extravagant,
الشح,Possessive greed combining stinginess with an urge to acquire what others have. It is stronger than ordinary reluctance to spend.,miserliness,,
الحرص,"Intense eagerness to acquire or retain something. The word can praise diligence, but in moral warnings it often means grasping attachment.",carefulness,,
الغلول,"Secretly misappropriating communal, entrusted, or public property. The term has a strong religious association with betrayal of public trust and war gains.",embezzlement,,
السحت,"Illicit gain that morally corrupts or destroys the person who consumes it. It includes bribery, extortion, and other unlawful earnings.",dirty money,,
أكل أموال الناس,"Wrongfully taking, using, or benefiting from other people's wealth. ""Eating"" is a Qur'anic idiom for unjust appropriation.",taking people's wealth,,
المطل,"Culpably delaying payment of a due debt despite ability. It is a specific financial injustice, not general delay.",procrastination,,
التطفيف,"Giving less than what is due in weight, measure, quality, or rights. The Qur'anic warning extends beyond marketplace scales to any unfair shortchanging.",short weighing,طَفَّفَ (verb) — give short measure; defraud in measure | مُطَفِّف (noun) — short-measurer; defrauder,
التدليس,"Concealing a relevant defect or creating a misleading impression in a transaction or transmitted report. Its specific technical meaning depends on whether the context is law, commerce, or hadith.",fraud,دَلَّسَ (verb) — conceal defects; misrepresent | مُدَلِّس (noun) — concealer; practitioner of tadlis,
المكر,"Secretly arranging an outcome through means the other party does not perceive. When attributed to Allah, it denotes His decisive response to wrongful plotting, not moral deceit.",plotting,,
الكيد,Purposeful hidden strategizing to overcome or harm an opponent. It can be defensive or blameworthy depending on agent and context.,scheme,,
المحقرات,Sins that people dismiss as insignificant even though their accumulation can be destructive. The word criticizes the person's minimization of them.,trivialities,,
التبرج,Displaying adornment or bodily attractions in a conspicuous way prohibited by Islamic modesty norms. The precise application depends on legal and social context and is not identical to ordinary grooming.,self-expression,,
الخلوة,"Seclusion between adults of opposite sexes who are legally marriageable to one another, in circumstances where normal public access or oversight is absent. It is a technical legal setting, not every form of privacy.",privacy,,
القذف,"Accusing a chaste person of unlawful sexual intercourse without the legally required proof. It is a specific major offence, not every form of defamation.",slander,,Physical context: throwing; hurling.
الميسر,Gambling or games of chance in which wealth is transferred through uncertain gain and loss. It does not include every competition or ordinary business risk.,games,,
التطير,Treating an omen as an independent cause for good or bad action. It is specifically omen-based pessimism that alters decisions.,superstition,,
الطيرة,"The omen or superstitious foreboding itself. Its root arose from birds, but the concept covers many supposed signs.",bird omen,,
العصبية,"Partisan loyalty that supports one's tribe or group even when it is unjust. The condemnation concerns loyalty overriding truth, not group identity itself.",tribalism,,Psychological/medical context: nervousness; irritability.
الجاهلية,"A condition of ignorance, arrogance, and lawlessness opposed to divine guidance. It can describe recurring moral patterns, not only Arabia before Islam.",pre-Islamic era,,
البغي,"Wrongful transgression, oppression, or pursuit of superiority. In legal and political contexts, it can also refer to rebellion, so the surrounding context matters.",rebellion,,
الرَّان,"A Qur'anic image of rust or covering formed on the heart through accumulated sin. It describes loss of spiritual receptivity, not a physical substance.",stain,,
الطبع على القلب,"A Qur'anic image of the heart becoming unreceptive after persistent rejection. It describes a consequence of culpable refusal, not literal printing.",sealing the heart,,
الختم على القلب,"A Qur'anic image of the heart being sealed against guidance after persistent rejection. It is a grave spiritual condition, not a medical description.",heart closure,,
قسوة القلب,"Spiritual hardness that makes reminders and suffering fail to awaken mercy. It is a cultivated moral state, not an immutable personality trait.",hard-heartedness,,
موت القلب,"The heart's loss of spiritual awareness and responsiveness. A metaphor for moral-spiritual lifelessness, not bodily death.",death of the heart,,
هوى النفس,"Personal desire treated as an authority against truth and duty. The word does not condemn every desire, only desire followed in opposition to guidance.",personal desire,,
اتباع الشهوات,"Allowing appetites to direct conduct without lawful restraint. The criticism targets domination by desire, not human appetite itself.",following desires,,
طول الأمل,"Prolonged worldly expectation that delays repentance and useful action. It means living as though death and accountability were remote, not healthy hope.",long hope,,
الإعراض,"Deliberately turning away from truth or reminder after it reaches a person. It is active disengagement, not simple distraction or lack of exposure.",ignoring,أَعْرَضَ عَنْ (verb) — turn away; disregard | مُعْرِض (active participle) — one who turns away; dismissive,
اللهو,"Diversion that occupies a person away from what deserves greater priority. Its moral value depends on what it distracts from, not amusement alone.",entertainment,,
الاحتساب,Acting or enduring hardship while consciously seeking reward from Allah. Intention transforms ordinary service or suffering into an act of worship.,calculation,اِحْتَسَبَ (verb) — seek reward; reckon | مُحْتَسِب (noun) — one seeking reward; market inspector,
الابتلاء,"A test from Allah that reveals, educates, and distinguishes people's responses. It can occur through prosperity as well as adversity.",ordeal,اِبْتَلَى (verb) — test; try | مُبْتَلًى (passive participle) — tested; afflicted,
المحنة,"A severe ordeal that examines and exposes steadfastness. It implies prolonged pressure, including persecution.",crisis,,"Historical context: al-Miḥna, the Abbasid-era theological inquisition."
الضراء,"Adversity involving pain, harm, or material constriction. It is commonly paired with prosperity and ease.",damage,,
السراء,"Prosperity and ease that can themselves test gratitude and character. It describes favourable circumstances, not happiness alone.",happiness,,
البأساء,"Severe deprivation, poverty, or distress that presses upon life. It emphasizes material hardship.",misery,,
الفرج بعد الشدة,Relief and opening granted by Allah after severe constriction. The phrase nurtures hope without guaranteeing a particular worldly result or timetable.,happy ending,,
حسن الظن بالله,"Hopeful confidence in Allah's wisdom, mercy, and fulfilment of His promise. It coexists with repentance and effort; it is not presumption of immunity from consequences.",positive thinking,,
الرضا بالقضاء,"Accepting Allah's decree without inward rebellion while continuing lawful action. It does not require liking pain, refusing treatment, or abandoning efforts at improvement.",resignation,,
التسليم,"Trustfully yielding one's judgment and will to established divine guidance. It is conscious submission, not unthinking passivity.",surrender,سَلَّمَ (verb) — hand over; submit,Administrative/logistics context: delivery; handover.
الأخذ بالأسباب,Using lawful practical causes and means while relying on Allah for the outcome. It rejects both fatalism and belief that causes operate independently of Him.,taking reasons,,
التواكل,Neglecting effort while falsely claiming reliance on Allah. It is the blameworthy opposite or counterfeit of genuine reliance.,mutual reliance,تَوَاكَلَ (verb) — rely passively on others; shirk effort | مُتَوَاكِل (adjective) — passively dependent; indolent,
جهاد النفس,"Sustained struggle to govern desire, anger, habit, and ego according to divine guidance. It is inner moral discipline, not violence against oneself.",struggle against the self,,
شرح الصدر,"An inward opening granted by Allah that produces receptivity, courage, and ease in carrying truth. It is a Qur'anic idiom, not a medical procedure.",opening the chest,,
ضيق الصدر,"Inner constriction expressed as distress, reluctance, or difficulty bearing a matter. It may be spiritual or emotional and should not automatically be treated as a medical diagnosis.",chest tightness,,
ربط القلب,Allah's strengthening and steadying a frightened or grieving heart. It is a Qur'anic image of stabilizing courage and certainty.,tying the heart,,
تثبيت الفؤاد,Strengthening the heart so it remains coherent and steadfast under intense emotional pressure. The expression emphasizes stabilization of the deeply affected inner self.,fixing the heart,,
جبر الخاطر,Comforting and restoring the dignity of a person whose inner state has been wounded. It is a common idiom for consoling the broken-hearted.,mending thoughts,,
الانكسار لله,"Humble contrition before Allah arising from awareness of need and fault. It is spiritually valued dependence, not abuse, despair, or damaged self-worth.",being broken,,
الافتقار إلى الله,"Recognizing one's complete need of Allah for existence, guidance, and ability. The poverty described is spiritual and existential, not financial.",poverty toward God,,
الأمن من مكر الله,"False confidence that one is safe from Allah's judgment while persisting in sin. The phrase condemns presumption, not hopeful trust in divine mercy.",feeling safe from Allah's plan,,
النذارة,"Advance warning that allows a person to avoid danger or punishment. In prophetic teaching, warning is a form of mercy because it precedes consequences.",threatening,,
التزكية,"Purifying the soul while cultivating and increasing virtue. The word combines cleansing and growth, not ritual washing.",purification,زَكَّى (verb) — purify; attest good character | مُزَكٍّ (noun) — purifier; character witness,
البلاغ,"Faithful and complete delivery of a message without concealment or alteration. The speaker is responsible for conveyance, not for forcing acceptance.",communication,,Administrative/legal context: report; formal notice.
الحكمة في الدعوة,"Choosing an appropriate message, method, time, and tone when inviting others to faith. Wisdom means beneficial and truthful delivery, not silence about truth.",wisdom in preaching,,
المجادلة بالتي هي أحسن,"Reasoned disagreement conducted through the most truthful, respectful, and effective means. The expression concerns both the quality of the argument and the manner of presenting it.",debating nicely,,
الأمر بالمعروف,"Promoting what revelation and sound moral judgment recognize as right. It requires knowledge, appropriate authority or ability, likely benefit, and avoidance of greater harm.",commanding good,,
النهي عن المنكر,"Seeking to prevent recognized wrongdoing through lawful, proportionate means. It is not a licence for vigilantism, humiliation, or uninformed interference.",forbidding evil,,
تغيير المنكر,"Working to remove wrongdoing according to one's authority, ability, and the likely consequences. Prophetic teaching distinguishes action, speech, and inward rejection.",changing evil,,
فقه الأولويات,"Understanding which duties, harms, and benefits deserve precedence. It prevents secondary matters from displacing essential obligations.",jurisprudence of priorities,,
فقه الواقع,Accurate understanding of the real circumstances relevant to applying religious guidance. Knowledge of context supplements rather than replaces knowledge of revelation and law.,understanding present realities,,
مآلات الأفعال,The foreseeable outcomes and downstream effects of actions. Ethical and legal judgment may consider consequences as well as immediate intention.,ends of actions,,
سد الذرائع,"Blocking an otherwise permissible means when it is strongly expected to lead to prohibited harm. The word ""means"" is more accurate here than ""excuses."".",closing excuses,,
درء المفاسد,"Preventing or removing genuine harms and corrupting consequences. The term refers to substantive harm, not merely what someone dislikes.",preventing harm,,
جلب المصالح,Securing genuine benefits recognized by revelation and sound reason. It does not mean pursuing private advantage at any cost.,bringing interests,,
التآلف,"Hearts becoming mutually familiar, harmonious, and connected. It describes relational cohesion created through mercy and shared good.",familiarity,,
الائتلاف,"Coming together upon compatible aims after difference. It can be communal concord, not only political alliance.",coalition,اِئْتَلَفَ (verb) — unite; be harmonious | مُؤْتَلِف (adjective) — harmonious; allied,
التحكيم,"Submitting a dispute to an agreed adjudicator for a ruling. It can be legal, familial, or political and requires defined authority.",arbitration,حَكَّمَ (verb) — arbitrate; appoint an arbitrator | مُحَكَّم (noun) — arbitrator; appointed judge,
الشفاعة الحسنة,"Interceding to secure a legitimate benefit or prevent harm. It must not corrupt justice, cancel another person's rights, or privilege someone undeserving.",good intercession,,
الكرامة,"God-given human dignity that forbids humiliation and unjust violation. In other contexts, the same word can also mean an extraordinary grace granted to a righteous person.",honour,,
الجار الجنب,"A neighbour who is unrelated, more distant, or outside one's close circle. Qur'anic commentators differ on the exact shade of meaning, so the phrase should not be translated mechanically.",the distant neighbour,,
الجار ذي القربى,A neighbour who is also near through kinship or close proximity. It combines overlapping claims of neighbourhood and closeness.,near neighbour,,
قطع الرحم,Wrongfully severing family relationships that one is religiously required to maintain. The word for kinship is literally connected with the womb but functions as an idiom.,cutting the womb,,
النفقة,"Obligatory financial maintenance owed to specified dependants. It is a legal duty with scope determined by relationship, means, and custom.",spending,,
القوامة,"The husband's responsibility for maintenance, protection, and accountable leadership within the family. Interpretations differ on its scope, but it denotes duty and responsibility rather than intrinsic human superiority.",male superiority,,
المعاشرة بالمعروف,"Conducting married life according to recognized goodness, fairness, and kindness. The standard is shaped by revelation and sound custom.",kind marital treatment,,
السكن,"Repose, security, and settled companionship within marriage. It refers to emotional and relational tranquillity, not housing alone.",housing,,
الميثاق الغليظ,"A solemn and weighty covenant; in family sermons, the binding marriage bond. ""Weighty"" expresses seriousness, not physical thickness.",thick contract,,
النكاح,"The legally recognized marital union or marriage contract. In some legal and textual contexts, the word can also refer to consummation.",sexual intercourse,,
العقد,"A binding agreement formed through offer, acceptance, and valid conditions. Its root image is tying, which explains its legal sense of contract.",knot,,
المهر,The obligatory marital gift owed by the husband directly to the wife. It belongs to her and is not payment for purchasing her.,bride price,,
الصداق,"The marital gift given to the wife as a sign of serious commitment. It is closer to ""dower"" than ""dowry"" in English usage.",dowry,,
الخِطبة,"A marriage proposal or engagement process before the marriage contract. With different vowel marks, the same written form can mean a formal sermon.",sermon,,
المحرم,"A close relative whom a person is permanently forbidden to marry because of blood relationship, breastfeeding, or marriage. Temporary marriage prohibition does not by itself create mahram status.",forbidden person,,
غير المحرم,A person of the opposite sex who is not a mahram and is therefore legally marriageable in principle. The category is legal and does not imply unfamiliarity or untrustworthiness.,stranger,,
العورة,Parts of the body or areas of vulnerability that must be covered or protected in a particular legal context. The exact scope varies by person and situation.,nakedness,,
الستر الأسري,"Protecting family privacy and dignity while responsibly addressing wrongdoing. It does not justify concealing abuse, silencing victims, or preventing access to help.",family secrecy,,
الشورى الأسرية,"Consultative family decision-making that respects roles and affected members. It is principled consultation, not necessarily majority voting.",family democracy,,
النشوز,"Serious marital breach, defiance, or failure to fulfil core marital duties. Qur'anic and juristic discussions can apply the concept to either spouse, so context is required.",marital defiance,,
الهجر,"Separation, abandonment, or deliberate distancing. Its ruling depends on the cause, duration, manner, and resulting harm.",boycott,,
الخلع,"A form of marital dissolution initiated by the wife, commonly involving agreed compensation. It is distinct from divorce pronounced by the husband and does not imply that freedom is being purchased as property.",wife-initiated divorce,,
الفسخ,Annulment or rescission of a marriage or other contract because of a legally recognized cause. It is distinct from divorce pronounced by the husband.,divorce,,
العدة,A prescribed waiting period after divorce or widowhood. Its length and legal purposes vary by circumstance; it is not always a mourning period.,mourning period,,
الرجعة,Restoration of a revocably divorced marriage during the waiting period. It has legal conditions and is not ordinary reconciliation after any divorce.,return,,
كفالة اليتيم,"Sponsoring, protecting, and caring for an orphan while preserving the child's biological lineage. It differs from adoption that legally replaces parentage.",adoption,,
التبني,Legally attributing an adopted child as one's biological child with resulting lineage effects. This is distinct from the highly encouraged care and sponsorship of orphans.,care for an orphan,,
اللقيط,"A found or abandoned child whose parentage is unknown and who is entitled to protection, identity safeguards, and care. The term does not imply moral blame or proven illegitimacy.",illegitimate child,,
ابن السبيل,"A traveller cut off from resources and entitled to assistance. It is a Qur'anic idiom meaning ""the stranded traveller."".",son of the road,,
المسكين,"A person whose available resources do not adequately meet basic needs. It is an economic and legal category, not an insult meaning miserable.",miserable person,,
المستضعف,"A person or group made weak through oppression, exclusion, or structural powerlessness. The passive form highlights imposed vulnerability, not inferior worth.",inherently weak,,
الغارم,A person burdened by legitimate debt who may qualify to receive obligatory alms. It does not mean every borrower or every bankrupt person.,bankrupt person,,
عتق الرقبة,"Freeing an enslaved person. The phrase uses ""neck"" as a metonym for the whole human being.",freeing a neck,,
أهل الذمة,A historical legal category for non-Muslim subjects protected by a covenant under a Muslim polity. The term belongs to a particular juristic and historical framework and should be explained rather than equated with modern citizenship.,protected non-Muslim citizens,,
المعاهد,A non-Muslim person or party protected by a treaty or covenant. Their safety and rights arise from the binding agreement.,ally,,
المستأمن,"A person granted temporary security and protected entry. The grant of safety creates legal inviolability, not mere hospitality.",foreigner,,
الأمان,"A binding grant or pledge of safety and non-aggression. In legal usage, it creates enforceable protection rather than only a feeling of security.",safety,,
التعارف,Coming to know and recognize one another across peoples and groups in a way that supports cooperation and rejects contemptuous hierarchy.,acquaintance,تَعَارَفَ (verb) — get to know one another; become acquainted | مُتَعَارَف عَلَيْهِ (adjective) — customary; commonly accepted,
المصلحة العامة,"The genuine welfare of the community as a whole. It is not automatically identical to the preference of rulers, majorities, or the state.",state interest,,
العرف,"A recurrent social custom that Islamic law may consider when it is established, relevant, and not contrary to revelation. An occasional or corrupt habit does not qualify.",tradition,,Different lexical sense: crest/mane; raised ridge.
الحكم الشرعي,"The religious legal classification attached to an act or situation, such as obligatory, recommended, permissible, disliked, or forbidden. It is a technical ruling, not a personal opinion.",religious judgment,,
القضاء الشرعي,"Binding adjudication of disputes by an authorized judge applying Islamic legal principles. Here ""qada"" means judicial judgment, not divine destiny.",religious fate,,
المجتهد,"A scholar qualified to derive legal rulings through disciplined interpretation of evidence. The title requires extensive competence, not personal independence of thought alone.",independent jurist,,
المذهب,"A coherent school of legal interpretation, principles, and accumulated juristic reasoning. It ordinarily means a school of law, not a religious sect.",sect,,General intellectual context: school of thought; ideological position.
أصول الفقه,The principles and methods governing how Islamic legal rulings are derived and how evidence is evaluated. It is not a list of elementary rules.,principles of jurisprudence,,
الفروع,Derived practical rulings and subsidiary legal questions. They are applications distinguished from foundational creed and from the principles used to derive law.,branches,,
النص,"Authoritative textual wording; in legal theory, it can also mean wording whose indication is especially clear. Written passages can differ in their degree of decisiveness.",text,,
الظاهر,"The meaning most immediately indicated by wording while remaining open to reinterpretation when stronger evidence requires it. It is a technical level of textual indication, not superficial reading.",apparent,,"Theological context: al-Ẓāhir, 'the Manifest', a divine name."
المؤول,Wording interpreted away from its more apparent sense because of valid evidence. The interpretation is evidence-based and need not always be figurative.,allegorical,,
المجمل,Wording whose intended detail is not independently clear and therefore requires explanation. It does not simply mean a concise summary.,summary,,
المبين,"A text or explanation that clarifies wording that was general, compressed, or uncertain. In legal theory, it means clarified rather than merely obvious.",obvious,,
العام,"Wording that encompasses all members of a class unless qualified. It is a technical scope category, not merely vague language.",general,,Different pronunciation (العَام): year.
الخاص,"Wording restricted to particular members or cases. It means legally specific, not confidential.",private,,
المطلق,"An unqualified expression referring to an instance without a limiting attribute. It is a technical semantic category, not necessarily metaphysical absoluteness.",absolute,,
المقيد,"An expression limited by a stated quality, condition, or circumstance. It is read with related evidence according to methodological rules.",restricted,,
القياس,"Extending a known legal ruling to a new case because both share the same effective legal cause. It is structured juristic analogy, not loose resemblance.",analogy,,
العلة,The legally operative attribute because of which a ruling applies. It is distinct from the broader wisdom or benefit served by the ruling.,cause,,Medical context: illness; ailment.
الحكمة التشريعية,"The benefit, purpose, or wise consideration served by a legal ruling. It may explain a rule without being the exact legal trigger for applying it.",legal philosophy,,
المقاصد,"The higher objectives and purposes protected and advanced by Islamic law. They are systemic goals, not an individual's private intention.",intentions,,
الضروريات,"The indispensable interests whose loss gravely damages religious and human life. In maqasid theory, they commonly include religion, life, intellect, family or lineage, and property.",necessities,,
الحاجيات,Needs that remove substantial hardship without reaching the level of indispensable necessity. They form a technical middle category between necessities and refinements.,needs,,
التحسينيات,"Refinements that complete dignity, ethics, cleanliness, and social beauty. They are not trivial luxuries, even though they rank below necessities and major needs.",improvements,,
المصلحة,A genuine benefit recognized by revelation and sound reason. It does not mean private advantage or whatever appears useful in the short term.,interest,,
المصلحة المرسلة,"A public benefit not specifically affirmed or rejected by a text but consistent with the objectives of Islamic law. Jurists use it under disciplined conditions, not to override revelation.",unrestricted public interest,,
الاستحسان,"Preferring a stronger equitable or evidentiary consideration over an otherwise applicable analogy. It is a technical legal method, not choosing what feels pleasant.",juristic preference,اِسْتَحْسَنَ (verb) — approve; consider good | مُسْتَحْسَن (adjective) — approved; favorable,
الاستصحاب,Presuming that an established state continues until evidence proves a change. Examples include the presumption of innocence or continued ritual purity.,continuity,اِسْتَصْحَبَ (verb) — accompany; take along,
البراءة الأصلية,"The presumption that no obligation or liability exists without evidence. It concerns legal burden, not a claim that a person is morally perfect.",original innocence,,
اليقين لا يزول بالشك,"An established certainty is not removed by later mere doubt. This legal maxim applies widely in worship, transactions, and evidence.",certainty is not removed by doubt,,
المشقة تجلب التيسير,Recognized excessive hardship can activate lawful ease or concession. Ordinary inconvenience does not automatically change a ruling.,hardship brings ease,,
الضرر يزال,Legally recognized harm should be prevented or removed through a proportionate remedy. Harm may not be removed by causing an equal or greater harm.,harm disappears,,
لا ضرر ولا ضرار,Neither initiating wrongful harm nor responding with wrongful harm is permitted. It is a foundational legal and ethical maxim.,no harm,,
العادة محكمة,"Sound and established custom can guide legal interpretation where revelation leaves room. The custom must be prevalent, relevant, and not contrary to a religious rule.",habit is a judge,,
الأمور بمقاصدها,Acts are legally evaluated according to their purposes and intentions. A good intention does not make a prohibited means lawful.,acts are judged by intentions,,
الرخصة,"A lawful concession granted because of a recognized excuse such as illness, travel, or hardship. It is part of the law, not evasion or weaker faith.",permission,,Administrative context: license; official permit.
العزيمة,"The normal primary ruling that applies when no exceptional excuse is present. Here the word is a legal category, not determination or willpower.",determination,,
الفرض,A binding religious obligation. Some schools distinguish technically between this category and wajib; the word can also mean an assigned share or measured duty.,obligation,,Logic/mathematics: assumption; hypothesis.
المندوب,An act rewarded when performed but not sinful when omitted. It is a technical category for recommended conduct.,recommended,,Administrative/diplomatic context: delegate; representative.
السنة المؤكدة,"A Prophetic practice consistently maintained and therefore strongly emphasized, though not generally obligatory. It is a legal devotional category, not merely a historically confirmed tradition.",emphasized Sunnah,,
المشتبهات,"Matters whose lawful or unlawful status is unclear to many people. Avoiding them may protect faith and reputation, but uncertainty alone does not make an act forbidden.",suspicious things,,
الاحتياط الفقهي,Choosing a legally safer course when credible uncertainty remains. Precaution is not always obligatory and should not create baseless hardship.,precaution,,
رفع التكليف,The absence or cessation of religious legal responsibility because a recognized condition is missing or an excuse applies. It does not refer to employment duties.,lifting assignment,,
المكلف,"A person who is legally accountable because the relevant conditions, such as maturity and sound intellect, are present.",assigned person,,
الأهلية,"Legal capacity to possess rights, bear obligations, and perform valid legal acts. It has degrees and is not identical to everyday intelligence or skill.",competence,,
القصد,A deliberate aim or direction of the will. It overlaps with intention but may be broader and more directly connected with action.,intention,,General directional context: destination; direction one heads toward.
التعدي,Crossing a lawful limit or exceeding the permission given. It can create legal liability even without malicious intent.,assault,,
الضمان,"Legal liability to compensate for damage, loss, or an obligation; in other contexts, a guarantee or surety. The exact sense depends on the transaction.",guarantee,,
الحق,"Truth, a valid claim, an entitlement, or an established reality. Because the word is highly polysemous, divine truth and a person's legal right require different English renderings.",right,,"Theological context: al-Ḥaqq, 'the Truth/Real', a divine name."
الباطل,"What lacks valid foundation, contradicts truth, or is legally void. It can describe a belief, argument, act of worship, or contract.",false,,
الصحة,"Legal validity, meaning that an act or contract fulfils its required conditions and produces its intended legal effects. It does not mean physical health.",health,,
البطلان,"Legal invalidity that prevents an act or contract from producing its intended effects. It is a technical status, not simply moral falsehood.",falsehood,,
الفساد العقدي,"A defect that makes a contract irregular or invalid, with the exact distinction varying by legal school. Here ""corruption"" is a technical contract status.",corruption,,
السبب,"A legally recognized event or attribute that triggers a ruling, such as sunset triggering the time for prayer. It is more precise than an ordinary reason.",reason,,Classical/Qur'anic context: means of access; connecting means.
المانع,"A factor whose presence prevents a ruling from applying even though its cause exists. It is a legal impediment, not necessarily a physical obstacle.",obstacle,,
الإجارة,A contract exchanging payment for a defined service or benefit. It includes leases and many service or employment arrangements.,rent,,
الدين المالي,"A financial obligation recorded against a person's liability. Without vowel marks, the Arabic spelling is identical to a different word meaning religion.",religion,,
الرهن,Property held as security for a debt. It functions as collateral and does not necessarily transfer ownership or refer only to real estate.,mortgage,,
الشركة,"A partnership based on shared ownership, capital, labour, or profit. It is broader than the modern corporate company.",company,,
الغرر,Excessive uncertainty in a contract that creates unfair exposure to dispute or loss. Islamic law does not prohibit every uncertainty or ordinary business risk.,risk,,
الجهالة,"Material lack of knowledge about a contract's subject, price, quantity, or terms. Here it means legally relevant uncertainty, not general ignorance.",ignorance,,
الخيار,"A contractual option allowing a party to confirm or cancel a transaction under defined grounds or within a stated period. It is a technical right, not preference alone.",choice,,Homonym with the same vocalization (الخِيَار): cucumber.
النصاب,"The minimum amount of qualifying wealth that triggers certain obligatory alms. In this context it is a financial threshold, not a quorum.",quorum,,Different pronunciation (النَّصَّاب): swindler; scammer.
الحول,Completion of a lunar year for forms of wealth where a holding period is required before obligatory alms become due. The word has other meanings outside this context.,year,,"Classical/theological formula: power; capacity, as in 'لا حول ولا قوة إلا بالله'."
العشر,A one-tenth agricultural levy in specified circumstances. Irrigation method and legal details can affect the applicable rate.,ten,,
زكاة الفطر,"The prescribed charity given at the end of Ramadan for eligible household members, traditionally in staple food and, according to some jurists, its monetary value. It supports the needy before Eid prayer.",festival charity,,
الصدقة الجارية,"Charity whose benefit and reward continue over time, such as an enduring service or asset. Continuity comes from lasting benefit, not repeated payment alone.",continuous charity,,
الوقف,Permanently dedicating an asset's benefit to a lawful charitable or family purpose while preserving the underlying asset. Its disposal is restricted by the endowment terms.,endowment,وَقَفَ (verb) — stop; stand | وَاقِف (noun) — endower; one who establishes a waqf,Ordinary context: stop; pause.
الواقف,"The person who establishes an endowment. It is a technical donor role, not a person who is standing.",one who stops,,
الموقوف عليه,"The person, group, or purpose designated to receive the benefit of an endowment. A literal translation such as ""the stopped-upon"" is unintelligible.",the stopped-upon,,
الوقف الأهلي,"A family endowment established for descendants or designated relatives. It is a recognized type of endowment, not ordinary inheritance distribution.",private charity,,
الوقف الخيري,An endowment dedicated to public or charitable benefit. The underlying asset is normally preserved while its income or use is distributed.,charity fund,,
بيت المال,"The public treasury holding communal revenue and funding public needs as a trust. It is an institution of public finance, not a private storehouse.",house of money,,
الفيء,Property or revenue acquired by a classical Muslim polity without direct battle and distributed under specific legal rules. It is distinct from ordinary war booty.,spoils,,Natural-world/classical context: returning shade; shadow after the sun passes.
الغنيمة,"Property acquired in lawful armed conflict under recognized public authority in classical Islamic law. It is a regulated historical category, not permission for private plunder.",loot,,General figurative context: valuable gain; advantageous opportunity.
الخراج,"A historical land-based public revenue imposed under defined legal rules. It is a specific fiscal category, not a general word for all taxation.",tax,,General/economic context: output/yield; revenue.
الجزية,"A historical payment imposed within particular protection and exemption arrangements under a Muslim polity. It belongs to a specific classical legal system and should not be reduced to the word ""tribute."".",tribute,,
الأمانة المالية,"Fiduciary responsibility for wealth belonging to another person or the public. It requires preservation, disclosure, and use only within authorized limits.",financial honesty,,
الاستخلاف في المال,Understanding human ownership as delegated stewardship under Allah's ultimate ownership. It places moral limits and accountability on the use of wealth.,stewardship of wealth,,
الكسب الطيب,"Lawful and ethically sound earning free from prohibited means and harm. The word ""wholesome"" adds integrity and benefit beyond formal legality.",good income,,
القوام,"A sufficient and balanced level of spending that maintains life without waste or deprivation. Here the word means proper proportion, not standing posture.",standing,,Physical/general context: stature/build; consistency/structure.
ترشيد الاستهلاك,Managing consumption wisely according to genuine need and avoiding waste. It does not necessarily mean austerity or rationing.,rationing,,
التكسب,Actively seeking lawful livelihood. The word describes earning effort and does not automatically imply profiteering or greed.,profiteering,,
التعفف,Preserving dignity by refraining from begging or unlawful gain despite need. It does not require hiding genuine need from legitimate sources of support.,abstinence,,
الأجل,"An appointed term or fixed endpoint for a life, event, debt, or community. Context determines whether it means lifespan, due date, or contractual period.",deadline,,
سكرات الموت,The intense distress and altered state accompanying the approach of death. The expression uses the image of intoxication but does not refer to a substance.,agonies of death,,
التلقين,"Gently prompting a dying Muslim to say the testimony of faith; in other contexts, teaching or prompting a doctrine. At the deathbed it should not mean coercive repetition.",indoctrination,لَقَّنَ (verb) — prompt; instruct | مُلَقِّن (noun) — prompter; instructor,
حسن الخاتمة,"An end to life marked by faith and obedience and hoped-for signs of Allah's favour. It concerns the final spiritual state, not a painless or socially successful death.",happy ending,,
سوء الخاتمة,An end to life marked by unbelief or grave disobedience. The final standing of a particular person should not be asserted without sound evidence.,bad ending,,
قبض الروح,"The soul being taken from the body at the appointed time of death. It is a theological expression, not a physiological explanation.",seizing the spirit,,
الروح,"The created spirit associated with life, whose full reality is known to Allah. Depending on context, the word can also refer to revelation, Gabriel, or spiritual support and is not always identical to the accountable self or soul.",soul,رُوحِيّ (adjective) — spiritual; pertaining to spirit | أَرْوَاح (plural) — spirits; souls,
النفس,"The self or soul as the accountable person, with different moral states. It can mean the person, life, soul, or appetitive self, so ""ego"" is too narrow.",ego,نَفْسِيّ (adjective) — psychological; mental | أَنْفُس (plural) — selves; persons,Different vocalization (النَّفَس): breath.
النفس الأمارة,"The self insofar as it repeatedly urges a person toward wrongdoing. It describes a moral tendency, not a separate being inside the person.",commanding soul,,
النفس اللوامة,"The self that reproaches itself and awakens moral accountability. It can describe conscience and inner struggle, not pathological self-hatred.",blaming soul,,
النفس المطمئنة,"The self made tranquil through faith, remembrance, and trust in Allah. Its tranquillity is spiritual settlement, not the absence of all sorrow.",comfortable soul,,
البرزخ,The intermediate realm or barrier between death and resurrection. It has a distinct Islamic meaning and should not be treated as identical to Christian purgatory.,purgatory,,Physical/geographical context: barrier; isthmus.
عالم البرزخ,"The mode of existence between death and resurrection. It is a theological realm or state, not a geographical world.",world of barriers,,
نعيم القبر,"Comfort and divine favour granted in the intermediate state after death. It refers to an unseen condition, not physical luxury inside the soil.",grave pleasure,,
عذاب القبر,Punishment in the intermediate state for those liable to it. It is an unseen theological doctrine and should not be reduced to sensational physical imagery.,grave torture,,
فتنة القبر,"The questioning and test associated with the grave after death. Here the word means examination, not worldly temptation or civil conflict.",trial of the grave,,
سؤال الملكين,"The questioning by two angels in the intermediate state. The Arabic word means two angels, not two kings.",questioning by the two angels,,
منكر ونكير,The traditional proper names of the two angels associated with questioning in the grave. They should not be translated as ordinary adjectives.,Munkar and Nakir,,
البعث,"Allah's raising the dead to life for judgment. Although the word can mean sending, in eschatological context it means resurrection.",mission,,Administrative/military context: dispatch; mission/delegation.
النشور,"The dead rising and spreading forth after resurrection. In this context the word means emergence to judgment, not publication.",publication,,
الساعة,"The appointed Hour when the present world ends and resurrection begins. It is an eschatological proper expression, not a sixty-minute period.",clock,,
أشراط الساعة,"The signs indicating the approach of the Last Hour. Here the word means signs or markers, not legal conditions.",signs of the Hour,,
علامات الساعة,"Events and conditions regarded as signs of the Last Hour. Reports differ in authenticity and interpretation, so individual claims require care.",time indicators,,
النفخ في الصور,"The angelic blowing of the Trumpet that begins the cosmic events of death and resurrection. In this context, the Arabic word means the Trumpet, not images.",blowing the Trumpet,,
الصور,"The eschatological Trumpet blown by the angel. Without vowel marks, the written word is easily confused with another word meaning pictures or forms.",images,,
الصعق,"Overwhelming collapse, loss of consciousness, or death caused by the cosmic blast. It does not specifically mean electric shock.",electrocution,,Natural/medical context: lightning strike; severe shock/stunning.
الحشر,"The gathering of all creation for judgment. It is a divinely compelled universal assembly, not an ordinary crowd.",crowding,,General social context: crowding; mustering/gathering.
المحشر,"The place or condition in which all creation is gathered for judgment. It is an eschatological setting, not merely a crowd.",crowd,,
الموقف,The great standing and overwhelming situation before Allah on the Day of Judgment. Here the word means more than an ordinary position or viewpoint.,position,,General discourse: stance/opinion; situation/scene.
أرض المحشر,"The transformed ground upon which creation is gathered. It is an eschatological expression, not a present geographic site.",land of the crowd,,
العرض,"The presentation of a person and their record before Allah for review. In eschatological context, it means exposure to judgment, not a performance or commercial offer.",display,,Different vocalizations: width (العَرْض); honour/reputation (العِرْض).
الحساب اليسير,A merciful presentation of the record without exacting interrogation. It does not mean that the person performed only a small number of deeds.,simple calculation,,
الجزاء,"The fitting return for an action, whether reward or punishment. The word can be positive or negative and does not mean penalty alone.",penalty,,
العقاب,"A punitive consequence for culpable wrongdoing. It denotes just accountability, not uncontrolled revenge.",revenge,,Different vocalization (العُقَاب): eagle.
صحيفة الأعمال,The written record of a person's deeds. The word for sheet or record should not be translated as a modern newspaper.,work newspaper,,
تطاير الصحف,"The distribution or flying forth of deed records to their recipients. It is a traditional eschatological image, not newspapers flying.",newspapers flying,,
أصحاب اليمين,Those who receive their records in the right hand and attain salvation. The expression has no connection to modern right-wing politics.,right-wing people,,
أصحاب الشمال,Those associated with receiving their records in the left hand and with loss. The expression has no connection to left-wing politics.,left-wing people,,
وراء الظهر,"Receiving one's record from behind the back as a sign of ruin. It is an eschatological image, not an idiom for secrecy.",behind the back,,
الموازين القسط,The perfectly just scales established for judgment. The qualifying word emphasizes that the weighing contains no injustice.,balanced balances,,
ثقل الموازين,"The saving weight of good deeds in the scales. In this eschatological image, heaviness is favourable rather than burdensome.",heavy weight,,
خفة الموازين,"The ruinous lack of weight in the scale of good deeds. In this eschatological image, lightness is unfavourable.",lightness,,
الورود,"Coming to or passing by a place; in eschatological discussion, approaching Hell. Scholars differ on whether particular passages imply entry or only passage, so context matters.",arrival,,Homograph in unvowelled text: وَرْد means roses; وُرُود means arrival/coming.
الحوض,"The Prophet's basin from which members of his community will drink before entering Paradise. It is a specific eschatological gift, not an ordinary pool.",pool,,
الكوثر,"Abundant divine good and, specifically, a river or basin granted to the Prophet. The word has both a broad lexical meaning and a particular eschatological referent.",abundance,,
الشفاعة الكبرى,"The Prophet's great intercession for judgment to begin after creation has waited in distress. It is a specific eschatological station, not generic advocacy.",great mediation,,
المقام المحمود,"The praised station promised to the Prophet, commonly associated with the great intercession. Here ""station"" refers to rank and honour, not only location.",praiseworthy place,,
الفردوس,The highest or most excellent garden of Paradise. The word can refer specifically to Paradise's highest level rather than any pleasant garden.,paradise,,
دار السلام,"The abode of complete peace, safety, and wholeness, a Qur'anic name for Paradise. It is not an earthly building.",house of peace,,
دار المقامة,The permanent abode whose inhabitants no longer depart or suffer exhaustion. The name emphasizes settled and lasting residence.,house of residence,,
جنات عدن,"Gardens of permanent residence in Paradise. The word ""Adn"" emphasizes abiding and should not automatically import every association of the Biblical Eden.",gardens of Eden,,
النعيم,"Complete and lasting well-being and delight free from corruption. It includes comprehensive flourishing, not sensory pleasure alone.",pleasure,,
الرضوان,"Allah's supreme approval and favour. In Qur'anic sermon context, it means divine good pleasure.",satisfaction,,
رؤية الله,"The eschatological doctrine, affirmed in Sunni theology, that believers will see Allah in the Hereafter without defining how or imagining a form.",vision of God,,
الخلود,"Unending or extremely prolonged abiding, with the exact duration determined by context. In statements about the final abodes, it commonly means everlasting residence.",immortality,,
الدرجات,"Ascending ranks of reward corresponding to faith and deeds. They are spiritual levels, not academic grades.",degrees,,
الغرف,"Elevated chambers or dwellings in Paradise. It conveys honoured high residences, not ordinary bedrooms.",rooms,,
الحور العين,"Beautiful and purified companions of Paradise, described with striking eyes. The common rendering ""virgins"" is reductive and does not capture the full expression.",virgins,,
الولدان المخلدون,Ever-youthful attendants serving the people of Paradise. The description concerns service and perpetual youth and carries no sexual implication.,immortal boys,,
السندس,Fine and delicate silk garments of Paradise. The Arabic name may be retained to preserve the specific Qur'anic image.,brocade,,
الإستبرق,"Thick and rich silk brocade associated with Paradise, contrasted with the finer silk called sundus.",silk,,
الرحيق المختوم,"A pure, sealed drink of Paradise protected from contamination and harm. It should not be equated with harmful worldly intoxicants.",sealed wine,,
التسنيم,"A named, elevated spring in Paradise from which those brought nearest to Allah drink. It is a proper eschatological name, not generic water.",a fountain,سَنَّمَ (verb) — raise; make mound-shaped | مُسَنَّم (adjective) — raised; mounded,
السلسبيل,"A named spring in Paradise characterized by pleasant flow and ease of drinking. It is not simply ""ginger water."".",ginger water,,
جهنم,"A principal Qur'anic proper name for Hell. Literary substitutes such as ""inferno"" do not carry its full religious associations.",inferno,,
الجحيم,"A blazing and intensely kindled fire, also used as a name or description of Hell.",hell,,
السعير,A fiercely flaring and continually kindled fire. It can name Hell or describe the intensity of its burning.,blaze,,
سقر,A Qur'anic proper name for Hell associated with scorching punishment. It should not be treated as an ordinary word for fire.,hellfire,,
لظى,"A leaping, skin-searing flame and a Qur'anic name of Hell. It is more specific than fire in general.",flame,,
الحطمة,"The crushing Fire, a Qur'anic name whose root conveys breaking and destroying what is cast into it.",crusher,,
الهاوية,"A plunging abyss and a Qur'anic name for a destination in Hell. The word evokes falling into great depth, not emptiness alone.",pit,,
السموم,"Penetrating scorching heat or wind. In this eschatological context, it does not mean a chemical poison.",poison,,
الحميم,Scalding liquid of extreme heat used as punishment. The same word can mean a close friend in a different context.,intimate friend,,
الغساق,"A foul punishment-fluid described by commentators as intensely cold, putrid, or otherwise tormenting. Because explanations vary, the Arabic name may be retained.",boiling water,,
الزقوم,"The accursed tree whose food is punishment for the people of Hell. It is a proper eschatological name, not a securely identifiable worldly plant.",a plant,,
الضريع,A thorny or noxious food of Hell that neither nourishes nor satisfies. It cannot be confidently identified with one modern plant.,dry grass,,
السلاسل,Chains used in eschatological punishment. In this context the word does not mean sequences or series.,series,,
الأغلال,"Iron collars, fetters, or shackles fastening the condemned. In other contexts, the same word can metaphorically mean rancour.",resentments,,
المقامع,Iron clubs or maces used in punishment. The uncommon plural is easily mistranslated as suppressors or restraints.,suppressors,,
الدركات,"Descending levels of punishment, especially in Hell. The word contrasts with darajat, which commonly refers to ascending ranks.",steps,,
الويل,"A formula expressing severe woe, ruin, or threatened destruction. It should not automatically be translated as the name of a valley in Hell.",valley in Hell,,
الثبور,"A cry for destruction or annihilation when punishment becomes unbearable. It expresses desperate ruin, even though annihilation will not follow.",woe,,
الخلود في النار,Everlasting residence in Hell for those to whom revelation assigns it. The phrase should not be generalized to particular individuals without the relevant theological grounds.,long imprisonment,,
الأعراف,"The elevated partition or heights between Paradise and Hell described in the Qur'an. It is a proper eschatological place, not social customs.",customs,,
أصحاب الأعراف,People associated with the heights who recognize other groups by their marks. Qur'anic commentators differ about their precise identity.,people of customs,,
الوعيد,"A solemn divine warning of punishment for wrongdoing. Repentance, forgiveness, and stated conditions may affect its application.",threat,,
الفوز العظيم,The supreme attainment of Allah's approval and Paradise. It is not primarily military or electoral.,great victory,,
المآب,The final place or condition to which a person returns. It emphasizes return to Allah and the ultimate abode.,destination,,
المرجع,"The inevitable return of all people and affairs to Allah. Here the word means destination or return, not a citation source.",reference,,
المصير,The final outcome and destination toward which one's course leads. It connects conduct with its end and does not mean blind fate.,fate,,
الرسول,"A messenger commissioned by Allah to convey revelation. The word can refer to a human or angelic messenger, depending on context.",apostle,,
النبوة,"The divinely granted office and reality of prophethood. It concerns revelation and religious mission, not prediction of future events.",prediction,,
الرسالة,"The divinely entrusted message and mission carried by a messenger. In ordinary language, the same word can mean a letter or treatise.",letter,,Academic context: thesis; dissertation.
خاتم النبيين,"The final Prophet, after whom no prophet will arise. The expression conveys both finality and completion, not merely a decorative seal.",seal of prophets,,
المصطفى,"The one specially chosen, commonly used as an epithet for Prophet Muhammad. It means ""the chosen one,"" not ""the purified one."".",the purified one,,
المجتبى,The one specially selected and drawn near by Allah. It is a devotional epithet expressing divine choice.,the collector,,
الحبيب,"The beloved one; in devotional speech, an epithet for the Prophet. It means the one who is loved, not a romantic partner.",lover,,
البشير,The messenger who brings hope-giving good news. It is a prophetic function balanced by warning.,announcer,,
النذير,"The messenger who gives timely warning before accountability. The warning is intended to allow repentance and change, not merely to threaten.",threatener,,
السراج المنير,"An illuminating lamp that spreads guidance, a Qur'anic description of the Prophet. It is a metaphor for guidance and does not imply divinity.",bright lamp,,
الأسوة,"A model whose conduct is consciously followed. It is an embodied pattern for imitation, not an isolated example.",example,,
القدوة,A person or pattern taken as a practical moral model. It emphasizes imitation through conduct rather than formal authority.,leader,,
الشمائل,"The Prophet's physical appearance, habits, temperament, and noble character. It is also the name of a devotional literary genre.",features,,
الدلائل,"The signs and evidences demonstrating prophethood, including miracles, fulfilled reports, character, and historical proof.",indicators,,
الإرهاص,An extraordinary sign occurring before a prophet's mission as preparation for it. It is distinct from a miracle granted after the prophetic mission begins.,premonition,أَرْهَصَ (verb) — foreshadow; precede as a sign | مُرْهِص (adjective) — foreshadowing; premonitory,
الكرامة الخارقة,An extraordinary occurrence granted by Allah to a righteous servant without a claim to prophethood. It does not establish new law or prove every claim made by the recipient.,miracle,,
العصمة,"Allah's protection of prophets from error or sin in the respects defined by theology. Religious schools differ on its precise scope, and it does not mean prophets cease to be human.",infallibility,,Family/legal context: marital bond; protection of the marriage tie.
التبليغ,"Faithfully conveying revelation without concealment or alteration. It is a prophetic duty and, more broadly, a responsibility of careful religious transmission.",broadcasting,بَلَّغَ (verb) — convey; deliver | مُبَلِّغ (noun) — conveyor; notifier,
الأمانة النبوية,The Prophet's complete trustworthiness in conveying revelation and fulfilling every entrusted duty. It is broader than simply not lying.,honesty,,
الصدق النبوي,"The Prophet's complete truthfulness in conveying revelation from Allah. It concerns correspondence with truth, not merely sincerity of intention.",sincerity,,
الحديث,"A transmitted report about the Prophet's words, actions, approvals, or attributes. Calling a report ""hadith"" identifies its genre, not its level of authenticity.",conversation,حَدَّثَ (verb) — tell; narrate | مُحَدِّث (noun) — hadith scholar; narrator,Adjectival context: modern; recent.
الخبر,"A transmitted report. In hadith theory, some scholars use it as a synonym of hadith while others apply it more broadly to reports about the Prophet and others.",news,أَخْبَرَ (verb) — inform; tell | أَخْبَار (plural) — reports; news,Arabic grammar: predicate of a nominal sentence.
السند,"The chain of transmitters supporting a report. In hadith studies, it is a technical transmission chain, not general support.",support,أَسْنَدَ (verb) — support; attribute | أَسَانِيد (plural) — chains of transmission; authorities,Finance/documentary context: bond/deed; supporting document.
المتن,The wording and content of a hadith reached after the chain of transmitters. It is the textual body of the report.,solid,مُتُون (plural) — texts; main bodies,General textual context: main body of a text; text apart from commentary.
التخريج,Tracing a hadith to its source collections and routes of transmission. The process may also include discussion of authenticity and variant wording.,graduation,خَرَّجَ (verb) — trace hadith sources; graduate | مُخَرِّج (noun) — source-tracer; hadith researcher,
الصحة الحديثية,A hadith's fulfilment of defined conditions for reliable attribution. Technical authenticity concerns the report's transmission and does not settle every interpretation drawn from it.,truth,,
الصحيح,"A hadith with a connected chain of upright and accurate transmitters, free from decisive irregularity and hidden defect. It is a technical grade, not a claim that every interpretation is undisputed.",correct,,Health/general context: healthy; sound.
الحسن,"An acceptable hadith whose transmitters' precision is generally below the highest authentic grade. The word is a technical classification, not aesthetic praise.",good,,
الضعيف,A report that fails one or more conditions of accepted authenticity. Weak reports have different degrees and are not automatically fabricated.,weak,,
الموضوع,"A fabricated report falsely attributed to the Prophet. In ordinary Arabic the same word means ""subject"" or ""topic,"" so context is essential.",topic,,
المتواتر,"A report transmitted through so many independent routes that deliberate collusion on fabrication is considered impossible. Under its technical conditions, it conveys the highest level of transmission certainty.",frequent,,
الآحاد,A report that does not reach the threshold of mass transmission. It may have several chains and be authentic; the term does not mean only one narrator.,singular,,
المشهور,"A report that is widely transmitted or well known, with technical definitions varying between hadith scholars. Popular circulation alone does not establish authenticity.",famous,,
التابعي,"A Muslim who met one or more Companions but did not meet the Prophet, under the technical definition. The word names the second generation, not any follower.",follower,تَبِعَ (verb) — follow; succeed | تَابِع (noun/adjective) — follower; subordinate,
تابع التابعي,A member of the generation that learned from the Successors. It is a technical classification of the third early Muslim generation.,follower of the Successors,,
السلف,"The exemplary early Muslim generations, especially the Companions and their immediate successors. It does not mean every ancestor or predecessor.",ancestors,سَلَفَ (verb) — precede; pass before | أَسْلَاف (plural) — predecessors; ancestors,Finance context: advance payment; loan.
الخلف,Later generations who succeeded the early Muslims. The word can be neutral or carry positive or negative connotations depending on context and vocalization.,successors,خَلَفَ (verb) — succeed; come after | أَخْلَاف (plural) — later generations; descendants,Different vocalization (الخُلْف): breach of promise; failure to keep one's word.
القرون المفضلة,"The earliest Muslim generations praised in Prophetic tradition. Here ""qurun"" means generations, not necessarily exact hundred-year centuries.",the best generations,,
الخلافة,"Succession in communal leadership and stewardship after the Prophet. The word has theological, historical, and political senses that should not be collapsed into one modern model.",caliphate,,
الخليفة,"A successor, steward, or historical head of the Muslim polity. It should not automatically be translated ""God's deputy,"" because the implied predecessor and theological meaning vary.",deputy of God,خَلَفَ (verb) — succeed; replace | خُلَفَاء (plural) — successors; caliphs,
الإمام,"A person placed in front as a prayer leader, scholar, model, or ruler. The word does not by default imply a priestly or sacramental office.",priest,أَمَّ (verb) — lead; head toward | أَئِمَّة (plural) — leaders; imams,"Qur'anic context: a leading record/register or guiding text, depending on the construction."
أمير المؤمنين,"A historical title meaning the recognized leader or commander of the believers. The word ""amir"" does not necessarily mean a hereditary prince.",Commander of the Believers,,
البيعة,"A solemn pledge of allegiance and lawful obedience to a recognized leader. It is a covenantal political-religious commitment, not simply a modern vote.",vote,,Commercial/classical context: sale; transaction.
الطاعة في المعروف,Obedience to human authority only in what is recognized as lawful and right. The expression explicitly excludes obedience in sin.,obedience in what is right,,
النصيحة للأئمة,"Sincere counsel and concern for the rectitude of leaders. Depending on context, ""leaders"" may mean rulers, religious authorities, or prayer leaders.",sincere counsel to leaders,,
الجهاد,Strenuous effort in Allah's cause. The word is broader than warfare; in legal contexts it can include regulated armed struggle subject to authority and ethical rules.,holy war,,
القتال,Actual armed fighting. It is the direct word for combat and should not be treated as synonymous with every form of striving in Allah's cause.,jihad,,
الرباط,"Vigilant service at a frontier and, by extension, sustained readiness in worship and duty. It has both historical military and devotional meanings.",bond,رَابَطَ (verb) — remain stationed; keep watch | مُرَابِط (noun) — sentry; one stationed on guard,Anatomy/general context: ligament; tie or bond.
الشهادة في سبيل الله,Death in circumstances regarded by Islamic law as martyrdom while sincerely serving Allah's cause. The status is not self-declared and cannot justify harming protected people.,suicide attack,,
دار الإسلام,"A classical juristic designation for territory under Muslim rule, security, or legal authority. Definitions varied historically and should not be mapped mechanically onto modern borders.",muslim country,,
دار الحرب,A classical juristic category for territory lacking treaty relations or Muslim legal security. It is not a timeless label for every non-Muslim-majority society.,abode of war,,
دار العهد,A territory or polity linked to Muslim authority by treaty or covenant. It is a historical legal category centred on the binding force of agreement.,allied country,,
الهدنة,"A temporary cessation of hostilities established by agreement. It is a binding truce, not a deceptive pause.",truce,,
الصلح النبوي,"Reconciliation or treaty-making following Prophetic principles to secure justice, reduce harm, and preserve legitimate interests. It can involve strategic patience without abandoning principle.",compromise,,
فتح مكة,"The Muslim entry into Mecca, marked by victory, broad amnesty, and restoration of the sanctuary. The word ""opening"" can better convey its religious meaning than conquest alone.",conquest of Mecca,,
الهجرة,"Leaving a place or condition for the sake of faith; specifically, the Prophet's migration from Mecca to Medina. It can have historical, legal, or moral meanings.",immigration,هَاجَرَ (verb) — emigrate; migrate | مُهَاجِر (noun) — emigrant; migrant,
المهاجر,"A person who leaves home for Allah and to protect or practise faith. In early Islamic history, it especially refers to the Emigrants from Mecca.",migrant,,
الأنصار,"The Medinan Muslims who supported the Prophet and the Emigrants. It is a proper historical title, not a generic word for volunteers.",helpers,نَصَرَ (verb) — help; support | نَاصِر (noun) — helper; supporter,
المؤاخاة,"Establishing bonds of brotherhood and mutual support, especially between the Emigrants and Helpers in Medina. It was a structured form of social integration.",fraternization,آخَى (verb) — establish brotherhood; befriend | مُؤَاخٍ (noun) — one joined in brotherhood; brotherly associate,
الفتح,"An opening granted by Allah, which can mean victory, judgment, access, relief, or spiritual insight. ""Conquest"" is only one possible rendering.",conquest,فَتَحَ (verb) — open; conquer | فَاتِح (noun) — opener; conqueror,
التمكين,"Being established with security, authority, and practical capacity to fulfil responsibility. It means accountable stewardship, not domination for its own sake.",empowerment,مَكَّنَ (verb) — enable; establish firmly | مُمَكَّن (adjective) — empowered; established,
الاستخلاف,"Being made successors or stewards entrusted with responsibility on earth. It denotes succession and trust, not replacing God.",vicegerency,اِسْتَخْلَفَ (verb) — appoint as successor; grant stewardship | مُسْتَخْلَف (noun/adjective) — appointed successor; steward,
الخطيب,The person entrusted to deliver a formal sermon or public address. The role carries ritual and moral responsibility but does not necessarily imply ordained clergy.,preacher,خَطَبَ (verb) — address; preach | خُطَبَاء (plural) — preachers; orators,Family/social context: fiancé; suitor.
المقدمة,"The opening section that prepares the sermon's theme. In classical khutbah it often includes praise, testimony, and blessings.",introduction,قَدَّمَ (verb) — present; put forward,Logic: premise; spatial context: front/vanguard.
خطبة الحاجة,"A transmitted opening formula that praises Allah, seeks His help, and recites verses about taqwa. It is used before sermons, speeches, and some contracts, not only when discussing personal needs.",sermon of need,,
الاسترجاع,"Saying ""Indeed we belong to Allah, and to Him we return,"" especially after a loss. It is a declaration of belonging, mortality, and return, not retrieval.",retrieval,اِسْتَرْجَعَ (verb) — retrieve; recover,
أما بعد,"A classical transition meaning ""to proceed"" or ""as for what follows,"" moving from the sermon's opening praise to the main subject.",but after,,
أوصيكم ونفسي,"I counsel you and myself, a sermon formula acknowledging that the preacher shares the listeners' accountability. Here the word means earnest counsel, not a legal testament.",I advise you and myself,,
عباد الله,"Servants or worshippers of Allah, a dignifying address reminding listeners of their devoted belonging to Him. ""Slaves"" can obscure the honour intended in this context.",slaves of God,,
اتقوا الله,"Cultivate vigilant awareness of Allah through obedience and avoidance of sin. The command calls for active taqwa, not fear alone.",fear God,,
حق تقاته,"Observe Allah with the full reverence, obedience, and seriousness that His majesty deserves. It refers to the due measure of taqwa, not extreme panic.",fear Him as He deserves,,
فاتقوا الله,Therefore remain consciously guarded before Allah in the matter being discussed. The connective makes taqwa the practical conclusion of the preceding reminder.,so fear God,,
اعلموا رحمكم الله,Know and take heed—may Allah have mercy on you. It is a gentle teaching formula that combines instruction with supplication.,"know, may Allah have mercy on you",,
أقول قولي هذا,"I conclude this portion with what I have said. It is a conventional sermon formula, not self-praise.",I say these words,,
إنه هو الغفور الرحيم,He alone is the abundantly forgiving and ever-merciful. The wording emphasizes the continuity and abundance of these divine qualities.,"He is the Forgiving, the Merciful",,
اللهم,"O Allah. It is a direct form of address used in supplication, not a statement about Allah.",god,,
اللهم آمين,"O Allah, answer and accept this supplication. ""Amin"" is a plea for response, not a divine name or merely the word ""truly."".",god amen,,
أما بعد فاتقوا الله,To proceed: remain consciously guarded before Allah. It is a standard transition that frames the sermon's main counsel through taqwa.,and then fear God,,
خير الكلام,"The truest, finest, or most beneficial speech, depending on what follows. The word ""best"" can refer to moral excellence, benefit, or comparison, not eloquence alone.",best words,,
هدي محمد,"The guiding way and lived pattern of Prophet Muhammad. Without vowel marks, the Arabic can be confused with a word for a pilgrimage offering.",Muhammad's guidance,,
شر الأمور,"The most harmful and blameworthy matters, as defined by the continuation of the quotation. The word ""evil"" here is a moral judgment, not simply ""worst"" in quality.",worst things,,
كل بدعة ضلالة,"Every innovation introduced into religion without a valid basis is a departure from guidance. The statement does not refer to ordinary new tools, technologies, languages, or administrative practices.",every innovation is misguidance,,
عليكم بسنتي,Hold firmly to my normative way. The construction is an emphatic command to adhere to the Prophet's guidance.,hold to my Sunnah,,
عضوا عليها بالنواجذ,Cling to it with the greatest firmness. The expression literally mentions biting with the molars as a vivid idiom for determined adherence.,hold firmly to it,,
الدال على الخير,"A person who directs, teaches, or helps others perform a good deed and therefore shares in its reward. The word includes facilitation, not indication alone.",pointer to good,,
من سن سنة حسنة,"A person who initiates or revives an established good practice that others then follow. The hadith concerns a precedent within revealed goodness, not inventing worship without basis.",who establishes a good practice,,
البلاغ المبين,Clear and complete delivery that makes the message fully intelligible. The adjective emphasizes faithful and lucid conveyance.,clear delivery,,
قيام الحجة,"The point at which relevant evidence has been sufficiently established for responsibility or judgment to apply. It is a theological and legal threshold, not merely winning an argument.",the proof standing,,
